x,y,class,TypeId,ClId
660.976,304.225,0,0,0
636.213,306.174,0,0,0
662.753,307.565,0,0,0
657.487,307.74,0,0,0
635.273,308.157,0,0,0
640.484,309.592,0,0,0
660.523,309.613,0,0,0
658.759,312.594,0,0,0
674.821,315.093,0,0,0
649.17,316.174,0,1,0
631.858,316.908,0,1,0
673.506,317.648,0,1,0
637.439,318.289,0,1,0
644.003,320.565,0,1,0
622.679,320.843,0,0,0
655.504,320.916,0,1,0
626.318,321.78,0,0,0
633.245,322.492,0,1,0
678.36,323.472,0,1,0
637.081,323.619,0,1,0
653.079,324.434,0,1,0
639.035,324.523,0,1,0
680.978,324.669,0,0,0
644.647,325.905,0,1,0
652.268,326.389,0,1,0
665.755,327.567,0,1,0
675.27,327.608,0,1,0
631.213,327.95,0,1,0
643.6,328.542,0,1,0
668.535,329.06,0,1,0
658.985,329.159,0,0,0
651.423,329.337,0,1,0
646.127,329.862,0,1,0
683.672,330.534,0,0,0
666.442,331.637,0,1,0
682.478,331.858,0,0,0
640.783,333.145,0,1,0
649.948,333.168,0,1,0
663.551,333.265,0,0,0
624.463,333.342,0,1,0
645.513,334.213,0,1,0
632.527,334.935,0,1,0
639.959,335.242,0,1,0
670.422,336.607,0,1,0
647.217,340.107,0,0,0
685.94,340.389,0,0,0
620.777,341.34,0,0,0
618.936,341.409,0,0,0
679.985,341.547,0,0,0
627.324,341.603,0,1,0
639.416,342.035,0,1,0
622.928,342.459,0,1,0
662.056,342.529,0,1,0
676.484,342.75,0,1,0
642.366,345.063,0,1,0
639.621,345.609,0,0,0
630.04,346.568,0,1,0
646.7,346.681,0,1,0
625.209,346.771,0,1,0
650.768,347.282,0,1,0
672.056,347.548,0,0,0
629.259,347.766,0,1,0
654.751,347.881,0,1,0
656.628,348.501,0,1,0
660.134,348.671,0,1,0
667.984,349.415,0,1,0
642.738,349.951,0,1,0
652.024,349.986,0,1,0
671.291,350.525,0,1,0
637.791,350.903,0,1,0
649.556,351.032,0,1,0
654.517,352.398,0,1,0
659.838,353.262,0,1,0
648.966,356.048,0,1,0
669.789,357.397,0,0,0
665.373,359.929,0,1,0
624.855,360.424,0,0,0
662.42,360.72,0,1,0
626.761,363.811,0,0,0
667.14,364.033,0,0,0
637.609,364.503,0,0,0
648.763,364.824,0,0,0
638.583,365.65,0,0,0
666.254,366.738,0,0,0
653.469,370.728,0,0,0
650.43,371.572,0,0,0
661.43,372.276,0,0,0
153.879,308.064,1,0,1
178.29,308.199,1,0,2
166.838,308.485,1,0,2
153.41,309.122,1,0,1
153.636,309.867,1,0,1
148.658,310.898,1,0,1
170.83,311.777,1,0,2
181.997,312.281,1,0,2
151.534,315.214,1,1,1
158.234,316.942,1,1,1
156.903,318.774,1,1,1
131.505,318.993,1,0,3
171.829,319.959,1,1,2
188.385,321.231,1,0,2
175.094,321.902,1,1,2
149.332,322.096,1,1,1
132.401,322.735,1,0,3
150.449,322.89,1,1,1
172.762,324.576,1,1,2
178.86,324.684,1,1,2
129.898,326.107,1,0,3
140.855,327.583,1,0,3
167.174,328.263,1,1,2
163.921,328.34,1,1,2
145.897,328.558,1,1,1
180.488,328.618,1,1,2
125.823,328.684,1,0,3
154.945,329.416,1,0,1
188.031,330.014,1,0,2
174.682,330.318,1,0,2
162.439,330.402,1,1,2
128.484,330.468,1,1,3
156.03,330.695,1,0,1
187.152,331.229,1,1,2
168.092,331.83,1,1,2
129.107,332.022,1,1,3
129.6,333.61,1,1,3
158.713,334.341,1,1,2
169.774,334.662,1,1,2
191.52,334.977,1,1,2
133.87,335.02,1,1,3
160.971,335.471,1,1,2
185.668,335.604,1,1,2
200.468,335.644,1,0,2
164.317,335.97,1,1,2
142.494,336.65,1,0,1
197.979,337.757,1,0,2
192.739,338.016,1,1,2
123.22,338.794,1,1,3
132.062,338.832,1,1,3
184.485,339.211,1,1,2
162.725,339.915,1,1,2
136.333,340.328,1,0,3
167.759,340.476,1,1,2
188.627,340.491,1,1,2
166.321,342.129,1,1,2
159.853,342.331,1,1,2
193.875,342.382,1,1,2
152.072,342.404,1,0,2
197.029,342.743,1,0,2
132.796,343.359,1,0,3
176.53,343.547,1,0,2
179.363,343.574,1,0,2
178.037,343.672,1,0,2
152.655,345.182,1,0,2
165.121,345.513,1,1,2
162.034,345.997,1,1,2
125.206,346.962,1,0,3
171.972,349.879,1,1,2
191.181,349.959,1,0,2
161.773,350.404,1,1,2
168.823,350.884,1,1,2
127.327,350.908,1,0,3
182.901,351.725,1,1,2
183.617,352.579,1,1,2
175.568,353.932,1,1,2
156.466,354.278,1,0,2
159.181,354.447,1,0,2
184.109,355.875,1,0,2
144.133,356.156,1,0,2
163.283,357.159,1,0,2
174.195,357.187,1,1,2
185.038,359.301,1,1,2
146.451,359.416,1,1,2
142.978,361.95,1,1,2
134.443,361.955,1,0,2
194.452,363.123,1,0,2
144.727,363.41,1,1,2
172.193,364.859,1,1,2
142.127,365.116,1,1,2
186.492,366.136,1,0,2
163.71,366.165,1,1,2
154.581,366.177,1,1,2
141.478,367.346,1,1,2
139.807,367.959,1,1,2
147.813,369.185,1,1,2
138.191,369.528,1,0,2
156.592,370.709,1,1,2
138.571,371.407,1,0,2
176.65,371.485,1,1,2
157.497,371.658,1,1,2
183.168,372.223,1,0,2
170.311,372.819,1,1,2
181.366,373.854,1,0,2
151.856,375.167,1,1,2
165.883,375.174,1,1,2
177.629,375.408,1,0,2
155.613,377.032,1,1,2
152.479,377.285,1,1,2
155.358,377.929,1,0,2
179.727,378.364,1,0,2
147.366,379.114,1,0,2
162.91,380.567,1,0,2
337.718,305.692,2,0,4
338.624,306.106,2,0,4
329.298,307.033,2,1,4
322.76,307.044,2,0,4
342.994,310.67,2,0,4
351.887,311.603,2,0,4
333.539,311.89,2,1,4
333.868,312.928,2,1,4
319.884,313.587,2,1,4
335.147,314.891,2,1,4
321.18,315.663,2,0,4
325.111,316.065,2,1,4
328.436,316.801,2,1,4
356.246,320.109,2,1,4
357.739,321.053,2,1,4
341.53,321.295,2,0,4
309.119,321.986,2,0,4
367.37,322.193,2,0,4
314.309,322.429,2,0,4
324.706,322.709,2,1,4
315.665,323.192,2,0,4
350.748,323.821,2,1,4
366.213,324.547,2,0,4
369.885,325.104,2,0,4
345.193,326.957,2,1,4
323.167,328.544,2,1,4
352.146,328.862,2,1,4
353.396,329.17,2,1,4
319.294,329.545,2,0,4
332.038,329.567,2,0,4
334.586,329.567,2,0,4
355.725,329.737,2,1,4
364.513,330.463,2,1,4
376.024,330.619,2,0,4
371.565,331.405,2,1,4
345.661,333.121,2,1,4
342.261,333.749,2,1,4
320.544,334.019,2,1,4
370.213,334.867,2,1,4
371.977,335.02,2,1,4
336.719,335.237,2,1,4
359.632,336.229,2,1,4
330.693,336.872,2,0,4
303.768,337.46,2,0,4
344.49,338.303,2,1,4
323.992,338.852,2,1,4
343.402,339.059,2,1,4
334.993,339.566,2,1,4
318.342,340.531,2,1,4
311.678,340.689,2,1,4
307.329,340.702,2,1,4
373.097,340.763,2,0,4
354.668,341.4,2,1,4
368.188,341.876,2,1,4
342.46,342.193,2,1,4
295.095,342.319,2,0,4
349.378,342.593,2,0,4
331.047,343.179,2,0,4
304.788,343.217,2,1,4
306.04,344.25,2,1,4
371.168,345.096,2,1,4
300.119,345.111,2,0,4
357.02,345.129,2,1,4
318.411,345.202,2,1,4
310.511,345.281,2,1,4
312.171,345.928,2,1,4
338.189,348.672,2,1,4
312.98,349.579,2,1,4
361.789,349.989,2,0,4
328.638,350.035,2,0,4
301.754,350.545,2,0,4
336.078,350.882,2,0,4
340.122,351.188,2,0,4
349.132,351.455,2,1,4
361.162,352.626,2,0,4
316.539,353.64,2,0,4
327.318,353.692,2,0,4
316.021,354.83,2,1,4
368.832,354.848,2,0,4
362.763,354.907,2,0,4
338.883,358.015,2,1,4
326.846,358.512,2,0,4
365.499,359.163,2,0,4
341.805,361.755,2,1,4
309.967,361.84,2,1,4
337.131,362.059,2,1,4
330.765,363.646,2,1,4
308.677,364.606,2,0,4
304.473,365.008,2,0,4
309.395,365.09,2,0,4
314.833,365.398,2,1,4
308.096,366.369,2,0,4
346.037,366.652,2,1,4
339.705,367.928,2,1,4
317.885,368.544,2,1,4
340.258,369.252,2,1,4
343.329,369.994,2,1,4
347.617,370.365,2,1,4
315.049,372.453,2,1,4
351.49,372.812,2,0,4
321.703,372.978,2,1,4
327.576,373.535,2,0,4
313.86,374.769,2,1,4
358.554,376.035,2,0,4
345.291,376.266,2,1,4
322.171,376.74,2,0,4
331.361,377.574,2,0,4
349.633,380.861,2,0,4
326.059,381.239,2,0,4
321.474,383.121,2,0,4
465.741,40.127,3,0,5
482.456,41.754,3,0,5
477.011,43.279,3,0,5
476.6,45.718,3,0,5
488.985,46.419,3,0,5
490.389,46.649,3,0,5
459.989,48.062,3,0,5
451.672,48.477,3,0,5
447.604,51.804,3,0,5
456.12,52.193,3,1,5
447.401,52.68,3,1,5
489.694,53.469,3,0,5
489.323,53.989,3,0,5
474.738,54.167,3,1,5
468.284,54.237,3,1,5
487.319,54.287,3,1,5
478.584,54.568,3,1,5
517.589,55.822,3,0,5
490.101,56.147,3,1,5
516.314,56.174,3,0,5
453.824,56.455,3,1,5
464.638,57.017,3,1,5
445.339,57.294,3,1,5
507.47,57.687,3,0,5
480.505,59.468,3,1,5
454.31,59.578,3,1,5
446.989,60.668,3,1,5
520.495,60.697,3,0,5
457.219,61.058,3,1,5
501.55,61.489,3,0,5
508.426,61.924,3,1,5
447.115,62.044,3,1,5
442.165,62.166,3,0,5
498.974,62.522,3,1,5
463.971,62.675,3,1,5
519.726,64.114,3,0,5
467.813,64.479,3,0,5
509.907,64.625,3,1,5
515.12,66.087,3,1,5
485.224,67.012,3,0,5
452.837,67.247,3,1,5
502.674,67.575,3,1,5
523.466,67.773,3,0,6
488.187,67.923,3,0,5
504.803,68.302,3,1,5
466.572,68.819,3,1,5
461.595,69.35,3,1,5
473.674,69.556,3,1,5
431.04,69.589,3,0,5
456.452,70.104,3,1,5
450.642,70.156,3,1,5
500.674,70.16,3,1,5
494.982,70.178,3,1,5
512.411,71.274,3,1,5
461.568,72.37,3,1,5
504.405,73.147,3,0,5
449.195,73.234,3,1,5
524.047,73.32,3,0,6
444.002,73.804,3,0,5
503.446,73.822,3,1,5
490.326,74.669,3,1,5
444.186,74.773,3,1,5
443.042,75.007,3,1,5
476.081,75.411,3,1,5
443.575,75.477,3,1,5
516.205,77.533,3,0,6
484.653,78.147,3,1,5
455.329,78.197,3,1,5
459.305,78.72,3,1,5
495.572,78.745,3,1,5
425.956,78.906,3,0,5
526.738,80.445,3,1,6
528.601,80.789,3,1,6
493.7,81.478,3,1,5
470.216,82.183,3,0,5
471.17,82.281,3,0,5
477.29,82.318,3,0,5
536.043,82.472,3,0,6
529.99,82.646,3,1,6
441.622,82.712,3,1,5
482.255,82.785,3,1,5
488.474,83.054,3,1,5
474.061,83.219,3,0,5
531.936,83.234,3,1,6
513.167,84.628,3,0,5
494.467,84.637,3,0,5
535.227,85.103,3,0,6
529.089,85.565,3,1,6
456.32,85.624,3,0,5
518.369,85.695,3,0,6
511.716,85.906,3,0,5
492.166,86.233,3,0,5
448.946,86.545,3,1,5
432.501,87.168,3,0,5
525.191,87.662,3,1,6
497.048,88.247,3,0,5
525.932,88.422,3,1,6
437.223,89.016,3,1,5
429.847,89.107,3,0,5
521.958,89.828,3,1,6
517.274,90.571,3,0,6
537.606,91.828,3,0,6
436.353,91.968,3,1,5
506.119,92.784,3,0,5
527.511,93.643,3,0,6
424.294,97.509,3,0,5
441.896,97.95,3,0,5
436.16,99.51,3,1,5
434.226,100.897,3,1,5
444.57,101.574,3,0,5
428.855,108.992,3,0,5
438.753,110.45,3,1,5
429.191,112.407,3,1,5
437.0,112.594,3,1,5
438.797,115.729,3,0,5
421.602,117.717,3,0,5
439.119,119.693,3,0,5
437.638,120.246,3,1,5
445.168,121.036,3,0,5
423.173,123.604,3,0,5
426.709,125.924,3,0,5
428.665,126.795,3,1,5
419.133,127.199,3,0,5
435.422,127.915,3,1,5
445.818,130.619,3,0,5
441.056,131.792,3,1,5
449.75,132.161,3,0,5
436.787,132.524,3,0,5
423.113,133.675,3,1,5
439.334,133.911,3,0,5
423.694,134.56,3,1,5
420.737,134.844,3,0,5
433.38,135.975,3,1,5
427.845,139.381,3,1,5
455.69,139.93,3,0,5
433.728,140.543,3,1,5
427.535,140.842,3,1,5
440.13,142.847,3,1,5
422.181,143.794,3,0,5
432.792,143.799,3,1,5
425.758,144.367,3,0,5
469.419,144.455,3,0,7
435.55,145.395,3,1,5
431.419,145.755,3,1,5
451.224,145.775,3,0,5
440.408,146.542,3,0,5
431.209,147.043,3,1,5
440.541,147.443,3,0,5
429.476,147.655,3,1,5
457.738,147.949,3,0,7
462.197,148.753,3,0,7
458.784,148.79,3,0,7
435.104,150.564,3,1,5
481.596,150.747,3,0,7
470.742,151.028,3,1,7
475.537,151.384,3,0,7
486.403,152.427,3,1,7
479.218,153.336,3,1,7
442.739,153.699,3,0,5
468.571,154.661,3,1,7
487.203,155.054,3,1,7
491.499,155.056,3,1,7
469.035,155.808,3,1,7
492.554,156.945,3,1,7
493.331,157.034,3,1,7
450.257,157.572,3,1,7
430.442,157.874,3,0,5
486.966,158.69,3,1,7
431.691,161.683,3,0,5
475.063,162.051,3,1,7
505.503,162.45,3,0,7
453.361,162.676,3,1,7
485.405,162.724,3,1,7
450.017,162.982,3,1,7
467.237,163.015,3,1,7
444.988,163.518,3,1,7
446.606,163.869,3,1,7
504.016,164.453,3,0,7
483.317,164.96,3,1,7
460.405,165.011,3,1,7
454.607,165.491,3,1,7
448.598,166.01,3,1,7
490.836,166.186,3,1,7
474.385,166.211,3,1,7
452.446,166.814,3,1,7
448.289,168.177,3,1,7
485.908,168.301,3,1,7
460.684,168.549,3,0,7
473.044,169.3,3,1,7
463.544,169.773,3,1,7
441.254,169.819,3,0,7
478.121,170.152,3,1,7
472.289,170.258,3,1,7
456.744,170.562,3,1,7
506.497,171.391,3,0,7
458.455,171.723,3,0,7
480.952,172.104,3,1,7
471.724,172.447,3,1,7
462.369,172.691,3,0,7
462.699,176.173,3,0,7
499.357,177.083,3,0,7
497.729,179.01,3,0,7
476.852,179.141,3,0,7
482.757,180.824,3,0,7
497.288,116.862,4,0,8
504.684,118.564,4,1,8
500.45,118.781,4,1,8
512.501,118.822,4,0,8
515.358,119.685,4,0,8
506.057,119.873,4,1,8
551.669,119.94,4,0,8
513.607,120.024,4,0,8
542.261,121.323,4,0,8
503.533,123.134,4,1,8
538.449,123.666,4,1,8
506.288,123.926,4,1,8
532.535,124.963,4,1,8
535.374,124.987,4,1,8
536.336,125.359,4,1,8
541.956,125.614,4,1,8
504.129,126.134,4,1,8
499.386,126.144,4,1,8
498.238,126.197,4,0,8
510.951,126.254,4,1,8
523.702,126.337,4,0,8
492.24,127.167,4,0,8
533.889,127.493,4,1,8
516.126,127.973,4,1,8
494.99,128.921,4,0,8
556.017,129.036,4,0,9
532.113,131.972,4,1,8
534.042,133.423,4,1,8
509.416,134.11,4,0,8
535.72,134.304,4,1,8
514.408,135.016,4,0,8
493.319,135.26,4,0,8
520.422,137.28,4,1,8
527.298,137.36,4,1,8
524.935,138.144,4,1,8
521.854,138.206,4,1,8
550.427,140.703,4,0,9
510.183,142.282,4,0,8
548.844,142.901,4,0,9
516.698,142.955,4,1,8
528.705,144.861,4,1,8
575.8,145.081,4,0,9
528.51,145.594,4,1,8
525.507,146.165,4,1,8
549.351,147.794,4,1,9
528.385,149.093,4,0,8
574.776,149.666,4,0,9
564.062,150.091,4,1,9
569.252,150.45,4,0,9
580.529,152.58,4,0,9
555.511,152.813,4,1,9
543.797,153.217,4,0,9
523.439,153.221,4,0,8
577.096,153.561,4,0,9
557.155,153.821,4,1,9
540.728,154.218,4,0,9
567.029,155.564,4,1,9
535.0,155.746,4,0,9
554.604,156.498,4,1,9
553.231,157.644,4,1,9
565.622,159.177,4,1,9
552.675,160.487,4,1,9
551.34,161.382,4,1,9
552.228,161.539,4,1,9
565.391,162.42,4,1,9
551.871,163.963,4,1,9
561.421,166.072,4,1,9
549.795,166.147,4,0,9
563.976,166.47,4,1,9
557.805,167.451,4,1,9
559.049,168.661,4,1,9
550.489,169.343,4,0,9
563.571,171.008,4,1,9
565.895,174.816,4,1,9
578.552,176.176,4,0,9
558.492,176.966,4,0,9
558.076,183.121,4,1,9
572.341,183.795,4,0,9
548.741,185.141,4,0,9
571.997,185.255,4,0,9
571.288,186.591,4,0,9
568.308,189.231,4,1,9
554.133,189.464,4,0,9
568.75,190.522,4,1,9
574.234,191.904,4,0,9
560.184,192.29,4,1,9
554.855,194.481,4,0,9
545.792,198.292,4,0,9
573.339,199.37,4,0,9
560.626,201.339,4,1,9
484.479,201.808,4,0,9
544.398,202.037,4,0,9
546.15,202.697,4,1,9
544.523,203.247,4,0,9
557.549,203.253,4,1,9
496.092,204.783,4,0,9
545.515,205.062,4,1,9
552.079,205.232,4,1,9
556.428,205.593,4,1,9
480.224,206.366,4,1,9
554.335,206.42,4,1,9
569.615,206.821,4,1,9
549.936,207.559,4,1,9
476.785,207.988,4,0,9
540.551,208.51,4,1,9
570.595,208.906,4,0,9
501.173,209.049,4,0,9
471.001,209.154,4,1,9
553.659,209.159,4,1,9
484.712,209.501,4,1,9
474.655,209.547,4,1,9
570.022,209.903,4,0,9
497.611,211.97,4,0,9
537.191,211.979,4,0,9
476.159,213.082,4,1,9
529.146,213.374,4,0,9
530.331,213.716,4,0,9
560.98,214.079,4,1,9
562.351,214.13,4,1,9
564.375,214.272,4,0,9
487.013,214.471,4,1,9
487.71,214.871,4,1,9
458.4,214.958,4,0,9
520.077,215.482,4,0,9
547.348,216.15,4,0,9
514.639,216.942,4,0,9
568.922,217.769,4,0,9
537.99,217.917,4,1,9
466.888,218.478,4,0,9
533.306,218.951,4,1,9
464.185,218.974,4,0,9
547.947,218.987,4,1,9
543.334,219.389,4,1,9
475.069,220.2,4,1,9
496.267,220.2,4,1,9
537.621,221.068,4,1,9
548.078,221.696,4,1,9
479.44,221.889,4,1,9
526.415,221.976,4,1,9
469.176,222.122,4,1,9
493.109,222.595,4,1,9
504.879,223.245,4,1,9
472.424,223.374,4,0,9
508.167,224.352,4,1,9
501.681,224.604,4,1,9
498.585,224.761,4,1,9
491.164,225.738,4,1,9
558.66,226.102,4,0,9
518.744,226.107,4,0,9
485.69,226.433,4,1,9
505.801,227.197,4,1,9
517.547,227.273,4,1,9
532.845,227.692,4,1,9
511.198,229.151,4,1,9
505.328,229.27,4,1,9
477.532,230.323,4,1,9
559.487,230.512,4,0,9
534.237,231.182,4,1,9
555.919,231.33,4,0,9
496.519,231.653,4,1,9
545.041,233.072,4,0,9
539.702,233.506,4,1,9
484.317,233.798,4,1,9
546.902,233.832,4,0,9
517.963,234.854,4,0,9
484.92,235.709,4,1,9
531.058,235.723,4,0,9
530.053,235.845,4,0,9
473.185,235.903,4,0,9
503.429,236.263,4,1,9
518.412,236.544,4,1,9
490.594,237.163,4,1,9
528.082,237.987,4,1,9
506.602,239.498,4,0,9
530.871,239.966,4,1,9
489.75,242.396,4,0,9
551.065,242.547,4,0,9
495.831,242.586,4,1,9
482.31,243.418,4,0,9
519.888,244.016,4,1,9
524.336,245.015,4,1,9
485.006,245.823,4,0,9
489.089,246.34,4,0,9
502.585,246.657,4,1,9
507.542,247.408,4,0,9
528.185,247.661,4,1,9
538.825,248.077,4,0,9
508.916,248.813,4,0,9
512.989,248.855,4,1,9
523.074,250.801,4,1,9
534.594,252.169,4,0,9
540.102,252.257,4,0,9
519.289,252.735,4,1,9
522.247,253.701,4,1,9
520.838,254.256,4,1,9
541.399,254.555,4,0,9
524.593,254.965,4,1,9
517.344,255.757,4,0,9
94.842,135.204,5,0,10
109.321,138.094,5,0,10
71.813,138.206,5,0,10
320.843,138.228,5,0,12
61.427,138.457,5,1,10
142.07,138.726,5,0,11
50.861,138.893,5,0,10
140.837,139.146,5,0,11
194.828,139.209,5,0,11
203.609,139.329,5,0,11
49.89,139.351,5,0,10
168.274,139.703,5,0,11
200.698,139.846,5,0,11
90.066,139.88,5,0,10
188.524,139.94,5,0,11
125.125,139.991,5,0,10
37.458,140.053,5,0,10
249.584,140.167,5,0,11
258.339,140.262,5,1,11
53.696,140.333,5,1,10
306.48,140.395,5,1,12
47.454,140.403,5,0,10
230.524,140.512,5,1,11
201.416,140.704,5,0,11
304.199,140.746,5,1,12
246.043,140.806,5,0,11
219.616,140.885,5,0,11
225.11,140.915,5,1,11
95.795,141.152,5,0,10
67.96,141.335,5,0,10
296.662,141.432,5,1,12
270.289,141.447,5,0,11
326.361,141.649,5,0,12
62.999,141.875,5,1,10
172.605,141.876,5,0,11
315.501,142.003,5,1,12
316.762,142.555,5,1,12
216.062,142.694,5,0,11
328.929,142.844,5,0,12
32.099,143.035,5,0,13
227.643,143.225,5,1,11
126.689,144.081,5,0,10
238.139,144.096,5,0,11
70.308,144.133,5,1,10
246.255,144.218,5,0,11
107.021,144.256,5,1,10
312.559,144.434,5,1,12
75.993,144.485,5,0,10
189.235,144.589,5,1,11
219.131,144.7,5,0,11
97.647,144.72,5,1,10
146.461,144.838,5,0,11
190.41,144.839,5,1,11
57.351,144.958,5,1,10
268.271,144.971,5,0,11
133.514,145.516,5,0,10
307.888,145.591,5,1,12
115.795,145.864,5,1,10
174.845,146.047,5,0,11
159.347,146.43,5,1,11
301.09,146.564,5,1,12
58.445,146.64,5,1,10
331.061,146.707,5,0,12
239.572,146.801,5,1,11
109.938,146.879,5,1,10
289.436,146.915,5,0,11
304.081,146.92,5,1,12
257.549,146.929,5,1,11
27.887,146.941,5,0,13
157.097,147.095,5,1,11
262.925,147.195,5,0,11
217.515,147.199,5,1,11
292.568,147.238,5,0,11
259.314,147.327,5,1,11
63.973,147.393,5,1,10
193.748,147.43,5,1,11
294.172,147.603,5,0,11
148.916,147.787,5,1,11
40.381,148.068,5,0,10
60.351,148.181,5,1,10
228.218,148.267,5,1,11
207.832,148.335,5,1,11
298.229,148.537,5,1,12
245.657,148.563,5,1,11
181.293,148.633,5,1,11
196.535,148.652,5,1,11
256.303,148.66,5,1,11
56.551,148.808,5,1,10
225.579,148.841,5,1,11
281.54,148.927,5,0,11
110.273,148.951,5,0,10
121.658,148.967,5,1,10
236.113,149.196,5,0,11
161.89,149.204,5,1,11
261.679,149.472,5,1,11
223.041,149.482,5,1,11
176.219,149.932,5,0,11
22.172,150.049,5,0,13
156.89,150.131,5,1,11
253.999,150.452,5,1,11
39.912,150.513,5,0,13
59.9,150.54,5,0,10
180.844,150.826,5,1,11
277.317,150.914,5,1,11
232.394,151.075,5,1,11
205.088,151.435,5,1,11
90.808,151.571,5,1,10
154.971,151.627,5,1,11
192.115,151.814,5,1,11
99.609,151.894,5,1,10
113.923,152.089,5,1,10
24.271,152.193,5,0,13
330.341,152.564,5,0,11
143.626,152.655,5,1,11
247.596,152.793,5,1,11
93.42,153.068,5,1,10
72.448,153.101,5,1,10
145.683,153.144,5,1,11
152.194,153.153,5,1,11
280.463,153.158,5,0,11
66.712,153.17,5,1,10
76.828,153.21,5,1,10
273.534,153.242,5,1,11
126.953,153.559,5,0,10
252.93,154.284,5,1,11
117.094,154.336,5,1,10
210.203,154.483,5,1,11
191.668,154.569,5,0,11
251.432,154.587,5,1,11
202.124,154.646,5,0,11
19.034,154.732,5,0,13
162.761,154.815,5,1,11
286.909,154.986,5,1,11
89.297,155.491,5,1,10
127.743,155.523,5,0,10
83.227,155.623,5,1,10
120.241,155.652,5,1,10
79.75,156.732,5,1,10
174.166,156.988,5,1,11
211.441,157.206,5,0,11
164.988,157.222,5,1,11
184.554,157.526,5,1,11
95.504,157.555,5,0,10
165.92,157.885,5,1,11
243.305,157.964,5,0,11
274.408,158.305,5,1,11
144.545,158.753,5,0,11
84.786,158.792,5,1,10
73.251,159.11,5,0,10
276.99,159.135,5,1,11
149.609,159.203,5,0,11
171.963,159.266,5,1,11
330.64,159.323,5,0,11
240.497,159.38,5,1,11
251.23,159.384,5,1,11
178.892,159.417,5,1,11
177.496,159.542,5,1,11
266.97,159.699,5,0,11
101.082,159.803,5,0,10
209.678,159.871,5,0,11
185.582,159.981,5,0,11
169.867,160.045,5,1,11
220.62,160.152,5,0,11
277.894,160.226,5,1,11
23.197,160.374,5,1,13
86.835,161.038,5,1,10
175.183,161.289,5,1,11
328.328,161.379,5,0,11
288.797,161.383,5,0,11
66.93,161.463,5,0,10
295.836,161.686,5,0,11
65.527,161.731,5,0,10
275.188,161.732,5,1,11
74.236,161.736,5,1,10
215.083,161.737,5,0,11
147.042,161.861,5,0,11
310.583,161.993,5,0,11
87.458,162.044,5,1,10
294.989,162.163,5,0,11
31.56,162.172,5,1,13
299.158,162.312,5,0,11
160.061,162.919,5,1,11
83.795,163.025,5,1,10
19.915,163.184,5,0,13
279.12,163.332,5,1,11
20.411,163.543,5,1,13
269.677,163.544,5,1,11
30.176,163.656,5,1,13
248.384,163.702,5,1,11
224.269,164.092,5,0,11
112.369,164.192,5,0,11
103.293,164.521,5,1,11
105.712,164.575,5,0,11
55.529,164.776,5,0,10
300.213,164.849,5,1,11
183.048,165.25,5,0,11
36.666,165.398,5,0,13
41.62,165.417,5,0,13
168.941,165.506,5,1,11
313.889,165.633,5,0,11
314.564,165.723,5,0,11
278.524,165.991,5,1,11
39.332,166.041,5,0,13
100.396,166.044,5,1,11
77.896,166.356,5,1,10
102.608,166.439,5,1,11
305.676,166.653,5,1,11
272.427,166.829,5,1,11
319.508,166.976,5,1,11
130.608,166.997,5,1,11
161.047,167.032,5,0,11
213.04,167.189,5,1,11
123.855,167.463,5,1,11
284.233,167.729,5,1,11
85.372,167.791,5,1,10
166.915,167.804,5,0,11
119.7,167.848,5,1,11
235.718,168.427,5,0,11
133.021,168.507,5,1,11
24.745,168.548,5,1,13
254.791,168.611,5,0,11
181.949,168.674,5,1,11
194.43,168.704,5,0,11
101.668,168.905,5,1,11
104.872,169.065,5,1,11
173.335,169.134,5,1,11
68.68,169.236,5,1,10
118.06,169.279,5,0,11
77.167,169.545,5,1,10
26.532,169.671,5,1,13
251.972,170.086,5,1,11
32.81,170.112,5,1,13
234.843,170.407,5,0,11
96.634,170.521,5,0,11
324.884,170.819,5,1,11
66.539,170.91,5,1,10
273.787,171.163,5,1,11
82.642,171.22,5,0,10
265.086,171.24,5,1,11
230.897,171.483,5,0,11
106.233,171.58,5,1,11
139.788,171.6,5,1,11
217.068,171.64,5,1,11
114.928,171.689,5,1,11
108.138,171.709,5,1,11
112.928,171.78,5,1,11
199.887,171.887,5,1,11
182.587,172.145,5,1,11
69.475,172.23,5,1,10
309.285,172.272,5,1,11
307.254,172.284,5,1,11
46.272,172.561,5,1,13
195.63,172.617,5,1,11
233.965,172.782,5,0,11
153.13,172.988,5,1,11
282.677,173.005,5,0,11
18.067,173.055,5,0,13
283.147,173.368,5,0,11
178.034,173.382,5,1,11
58.823,173.444,5,0,10
302.004,173.47,5,1,11
131.722,173.659,5,1,11
38.006,173.67,5,1,13
189.678,173.883,5,1,11
80.212,173.904,5,0,10
286.007,174.036,5,0,11
186.873,174.213,5,1,11
327.86,174.334,5,1,11
293.698,174.443,5,1,11
207.339,174.492,5,1,11
323.582,174.63,5,1,11
103.201,174.763,5,1,11
24.943,175.09,5,1,13
38.696,175.224,5,1,13
176.647,175.237,5,1,11
183.559,175.462,5,1,11
104.347,175.611,5,0,11
132.259,175.665,5,1,11
67.553,175.725,5,0,10
185.129,175.734,5,1,11
190.988,175.787,5,1,11
158.27,175.847,5,0,11
250.355,175.979,5,1,11
73.792,175.984,5,1,10
112.797,176.117,5,0,11
137.028,176.21,5,1,11
244.466,176.288,5,1,11
163.388,176.343,5,0,11
35.236,176.364,5,1,13
308.914,176.455,5,1,11
142.814,176.485,5,1,11
148.332,176.609,5,1,11
329.534,176.617,5,1,11
88.706,176.685,5,0,10
260.121,176.7,5,0,11
118.736,176.804,5,0,11
175.481,176.817,5,0,11
256.751,176.849,5,0,11
42.662,176.909,5,1,13
28.355,177.212,5,1,13
65.886,177.319,5,1,10
55.027,177.406,5,0,10
150.243,177.473,5,0,11
210.645,177.815,5,0,11
167.605,177.919,5,0,11
108.602,178.091,5,1,11
322.717,178.234,5,1,11
177.36,178.535,5,0,11
331.754,178.868,5,0,11
72.114,179.025,5,0,10
27.104,179.199,5,1,13
237.357,179.362,5,0,11
173.638,179.555,5,0,11
137.962,179.734,5,1,11
64.779,180.357,5,1,10
206.37,180.453,5,0,11
303.585,180.629,5,0,11
212.71,180.665,5,0,11
316.479,180.696,5,0,11
247.264,180.768,5,1,11
45.317,181.056,5,0,13
322.878,181.177,5,1,11
240.801,181.178,5,0,11
21.409,181.389,5,0,13
44.414,181.393,5,1,13
198.941,181.503,5,1,11
326.889,181.568,5,1,11
52.622,181.916,5,0,10
30.773,182.051,5,1,13
318.323,182.643,5,1,11
94.303,182.798,5,0,11
29.242,182.931,5,0,13
321.85,182.94,5,1,11
195.157,182.953,5,0,11
33.045,182.992,5,1,13
135.319,182.999,5,0,11
153.696,183.013,5,0,11
205.884,183.193,5,0,11
44.019,183.254,5,1,13
33.585,183.373,5,1,13
283.707,183.686,5,0,11
36.257,183.698,5,1,13
271.821,185.621,5,0,11
234.864,244.592,6,0,14
287.437,244.7,6,0,14
216.497,244.797,6,0,14
260.292,244.799,6,0,14
205.094,245.336,6,0,14
274.302,245.444,6,0,14
296.97,246.026,6,0,14
242.848,246.187,6,0,14
217.482,246.361,6,0,14
214.916,246.544,6,0,14
266.91,247.372,6,0,14
299.132,247.988,6,0,14
282.77,248.761,6,0,14
191.475,248.979,6,0,15
250.737,248.985,6,0,14
291.683,249.094,6,0,14
221.889,249.484,6,0,14
221.515,249.913,6,0,14
168.784,250.097,6,0,15
358.137,250.268,6,0,16
248.197,250.671,6,1,14
215.53,250.902,6,0,14
376.398,251.574,6,0,16
256.128,251.643,6,0,14
145.695,252.222,6,0,15
167.272,252.347,6,0,15
377.884,252.614,6,0,16
336.336,252.815,6,0,14
235.478,252.983,6,0,14
276.248,253.026,6,0,14
321.801,253.264,6,0,14
164.143,253.348,6,0,15
276.824,253.898,6,1,14
183.845,254.069,6,0,15
142.206,254.367,6,0,15
151.415,254.811,6,1,15
164.9,255.039,6,0,15
322.522,255.481,6,0,14
172.022,255.744,6,1,15
329.826,256.269,6,0,14
216.782,256.393,6,1,14
233.173,256.487,6,1,14
341.166,256.49,6,0,14
199.059,256.774,6,0,14
176.248,256.856,6,1,15
246.211,257.004,6,1,14
304.116,257.178,6,0,14
261.033,257.946,6,1,14
168.283,257.95,6,0,15
241.386,257.955,6,1,14
238.388,258.167,6,1,14
166.854,258.216,6,1,15
261.802,258.219,6,1,14
328.027,258.385,6,0,14
267.79,258.546,6,1,14
210.807,258.753,6,1,14
335.855,258.797,6,0,14
240.766,258.826,6,1,14
268.65,258.927,6,1,14
132.612,258.952,6,1,15
133.285,258.973,6,1,15
195.841,259.09,6,0,15
120.182,259.236,6,0,17
195.446,259.275,6,0,15
195.223,259.303,6,0,15
286.976,259.335,6,1,14
370.524,259.581,6,0,16
247.657,259.677,6,1,14
340.544,259.696,6,0,14
223.795,259.78,6,1,14
259.062,259.847,6,1,14
358.721,259.912,6,0,16
295.301,259.998,6,1,14
181.985,260.158,6,1,15
309.232,260.38,6,0,14
280.259,260.382,6,0,14
143.269,260.419,6,1,15
367.715,261.151,6,1,16
257.052,261.209,6,1,14
359.908,261.221,6,1,16
333.562,261.296,6,1,14
306.803,261.514,6,0,14
361.204,261.708,6,1,16
354.164,261.749,6,1,16
124.82,261.864,6,0,15
347.83,261.914,6,1,16
368.397,262.058,6,1,16
288.914,262.231,6,1,14
276.933,262.471,6,1,14
235.676,262.61,6,1,14
153.31,262.628,6,1,15
151.888,262.644,6,1,15
262.705,262.756,6,1,14
253.724,263.118,6,0,14
369.972,263.249,6,0,16
138.854,263.312,6,0,15
202.992,263.397,6,0,14
255.164,263.433,6,1,14
179.044,263.445,6,1,15
226.697,263.483,6,0,14
269.569,264.229,6,1,14
176.638,264.276,6,1,15
188.112,264.32,6,1,15
119.521,264.342,6,0,17
131.309,264.388,6,0,15
108.035,264.541,6,1,17
348.729,264.691,6,1,16
206.131,264.749,6,0,14
267.293,264.964,6,1,14
241.117,265.01,6,1,14
310.351,265.14,6,0,14
250.162,265.481,6,0,14
362.335,265.582,6,1,16
358.437,265.584,6,1,16
285.917,265.773,6,1,14
155.432,265.779,6,0,15
141.203,265.822,6,1,15
217.099,265.994,6,1,14
261.649,266.026,6,1,14
181.108,266.237,6,1,15
105.735,266.323,6,0,17
112.038,266.481,6,1,17
397.022,266.483,6,0,18
321.053,266.501,6,1,14
153.756,266.591,6,0,15
175.147,267.035,6,1,15
236.075,267.568,6,1,14
365.962,267.834,6,1,16
350.352,267.841,6,1,16
314.474,267.889,6,1,14
386.85,268.208,6,-1,-1
161.21,268.239,6,1,15
401.392,268.271,6,0,18
346.266,268.386,6,1,16
348.104,268.693,6,1,16
271.358,269.107,6,1,14
294.125,269.208,6,1,14
184.243,269.275,6,1,15
234.124,269.3,6,1,14
347.027,269.484,6,1,16
162.837,269.797,6,0,15
220.961,269.839,6,0,14
364.302,270.024,6,1,16
331.139,270.079,6,1,14
116.118,270.099,6,1,17
116.917,270.293,6,1,17
229.713,270.555,6,1,14
229.983,270.753,6,1,14
238.567,270.766,6,1,14
274.811,270.851,6,1,14
185.068,270.968,6,1,15
284.224,270.97,6,1,14
354.042,271.24,6,1,16
205.727,271.55,6,0,14
323.592,271.776,6,1,14
345.636,271.783,6,1,16
184.201,271.984,6,1,15
328.682,272.08,6,1,14
316.09,272.295,6,1,14
189.263,272.365,6,1,15
385.32,272.6,6,0,18
347.378,272.672,6,1,16
107.208,272.741,6,1,17
159.461,272.871,6,1,15
365.041,272.918,6,1,16
231.64,272.95,6,1,14
299.952,273.015,6,1,14
412.013,273.039,6,0,18
332.842,273.049,6,0,14
111.92,273.059,6,1,17
146.538,273.415,6,1,15
307.841,273.426,6,1,14
372.834,273.842,6,0,16
193.835,273.965,6,1,15
392.026,274.041,6,0,18
222.816,274.215,6,1,14
144.324,274.262,6,1,15
242.165,274.344,6,0,14
302.042,274.351,6,1,14
362.578,274.592,6,0,16
231.177,274.619,6,1,14
278.387,274.685,6,1,14
233.675,274.728,6,1,14
103.443,275.113,6,1,17
184.803,275.142,6,1,15
393.87,275.359,6,0,18
400.79,275.553,6,0,18
221.329,275.558,6,0,14
298.289,275.669,6,1,14
374.334,275.758,6,0,16
144.611,275.853,6,1,15
332.076,275.981,6,1,14
268.136,276.218,6,0,14
326.374,276.345,6,1,14
292.513,276.386,6,1,14
297.682,277.079,6,1,14
113.75,277.192,6,1,17
147.492,277.268,6,1,15
331.537,277.279,6,1,14
377.427,277.387,6,0,16
235.603,277.481,6,1,14
243.231,277.59,6,0,14
239.251,277.642,6,1,14
294.783,277.717,6,1,14
302.474,277.981,6,1,14
282.085,277.982,6,0,14
196.392,278.01,6,1,15
177.292,278.063,6,0,15
345.278,278.078,6,1,16
109.286,278.229,6,1,17
356.119,278.468,6,1,16
357.73,278.505,6,1,16
423.625,278.606,6,0,18
136.73,278.689,6,1,15
78.93,278.739,6,0,17
432.592,278.896,6,0,18
259.719,278.912,6,0,14
286.788,278.92,6,0,14
322.884,278.954,6,1,14
211.168,279.157,6,0,14
179.18,279.618,6,0,15
268.326,279.856,6,0,14
171.561,280.03,6,0,15
138.141,280.041,6,1,15
208.478,280.366,6,0,14
186.663,280.399,6,1,15
164.522,280.68,6,0,15
59.41,280.906,6,0,17
348.208,281.281,6,1,16
273.862,281.305,6,0,14
239.767,281.313,6,0,14
223.403,281.412,6,0,14
143.917,281.565,6,1,15
191.103,281.635,6,1,15
295.399,281.74,6,1,14
425.464,281.741,6,0,18
137.137,281.848,6,1,15
188.508,282.094,6,1,15
154.368,282.101,6,0,15
366.112,282.204,6,1,16
241.73,282.281,6,0,14
207.249,282.409,6,0,15
342.771,282.611,6,0,14
108.523,282.87,6,0,17
134.019,282.918,6,1,15
73.189,283.025,6,0,17
313.93,283.078,6,0,14
94.959,283.585,6,0,17
194.718,283.682,6,1,15
193.331,283.738,6,0,15
194.154,283.746,6,1,15
66.523,283.799,6,1,17
179.837,284.052,6,0,15
87.172,284.134,6,0,17
402.773,284.218,6,1,18
95.734,284.532,6,0,17
329.706,284.713,6,0,14
421.923,284.761,6,0,18
66.209,284.821,6,1,17
147.831,285.022,6,1,15
352.346,285.392,6,1,16
418.201,285.682,6,1,18
410.708,285.972,6,1,18
407.996,286.008,6,1,18
97.786,286.274,6,1,17
105.21,286.344,6,1,17
142.503,286.624,6,1,15
394.864,286.816,6,1,18
397.475,286.913,6,1,18
406.111,287.297,6,1,18
369.137,287.411,6,1,16
128.558,287.806,6,0,15
396.145,287.85,6,1,18
319.44,287.986,6,0,14
159.764,288.052,6,0,15
345.851,288.391,6,0,16
125.152,288.588,6,0,15
61.673,288.598,6,1,17
78.621,288.802,6,0,17
130.534,288.951,6,0,15
133.453,289.02,6,1,15
52.622,289.037,6,0,17
386.608,289.194,6,1,18
378.179,289.508,6,0,16
432.953,289.514,6,0,19
111.583,289.604,6,1,17
122.856,289.844,6,0,15
96.347,289.895,6,1,17
401.966,290.358,6,1,18
148.248,290.486,6,0,15
399.667,290.504,6,1,18
355.627,290.567,6,0,16
373.491,290.722,6,0,16
156.122,290.744,6,0,15
404.151,290.877,6,1,18
43.668,291.399,6,0,17
352.804,291.482,6,0,16
62.382,291.554,6,1,17
364.163,291.906,6,0,16
102.177,292.04,6,1,17
106.176,292.456,6,1,17
423.479,292.576,6,1,18
434.548,292.794,6,0,19
109.868,292.862,6,1,17
414.844,292.891,6,1,18
411.84,293.004,6,1,18
413.243,293.071,6,1,18
57.86,293.158,6,1,17
100.433,293.333,6,1,17
60.88,293.369,6,1,17
72.174,293.497,6,1,17
431.476,293.868,6,0,19
390.64,293.958,6,1,18
375.155,294.645,6,0,16
453.706,295.165,6,0,19
92.286,295.358,6,1,17
453.35,295.523,6,0,19
409.412,296.241,6,1,18
119.815,296.545,6,0,15
109.014,297.536,6,0,17
388.662,297.954,6,1,18
443.069,298.013,6,0,19
389.945,298.199,6,0,18
58.091,298.559,6,1,17
34.687,298.645,6,0,17
50.432,299.391,6,0,17
376.1,299.845,6,0,16
43.395,300.136,6,1,17
81.753,300.599,6,1,17
408.577,300.765,6,1,18
394.307,300.814,6,0,18
397.963,301.312,6,0,18
84.687,301.617,6,0,17
22.648,301.845,6,0,17
389.74,301.868,6,0,18
30.152,302.263,6,0,17
71.044,302.361,6,1,17
95.351,302.391,6,0,17
89.502,302.506,6,0,17
69.746,302.796,6,1,17
411.323,303.126,6,1,18
407.588,303.313,6,0,18
36.368,303.323,6,0,17
461.43,303.426,6,0,19
439.555,303.691,6,1,19
414.359,303.901,6,1,18
47.073,304.217,6,1,17
63.546,304.552,6,1,17
44.926,305.39,6,1,17
51.622,306.263,6,1,17
433.531,306.699,6,1,19
57.161,306.967,6,1,17
430.586,307.041,6,1,19
403.957,307.223,6,0,18
58.693,307.798,6,1,17
86.84,307.898,6,0,17
403.135,307.952,6,0,18
54.973,308.618,6,1,17
52.016,308.647,6,1,17
62.335,308.819,6,1,17
401.52,309.01,6,0,18
38.483,309.053,6,1,17
420.457,309.085,6,0,18
456.877,309.287,6,1,19
456.952,309.309,6,1,19
51.381,309.339,6,1,17
457.56,309.871,6,1,19
436.883,310.057,6,1,19
21.981,310.181,6,0,17
21.398,310.923,6,0,17
35.471,311.366,6,1,17
432.437,311.366,6,1,19
21.128,311.598,6,0,17
423.895,311.641,6,1,19
438.943,311.816,6,1,19
64.802,311.944,6,0,17
442.157,311.945,6,1,19
452.978,312.366,6,1,19
79.41,312.385,6,0,17
447.133,312.509,6,1,19
19.871,312.744,6,0,17
441.051,313.418,6,1,19
50.113,313.644,6,1,17
459.358,313.731,6,1,19
58.391,314.439,6,1,17
416.987,314.997,6,0,18
444.98,315.303,6,1,19
427.267,315.886,6,1,19
25.722,315.903,6,1,17
36.154,316.095,6,1,17
28.931,316.146,6,1,17
449.315,316.324,6,1,19
18.401,316.506,6,0,17
419.095,316.961,6,0,18
39.297,317.421,6,1,17
466.399,317.743,6,1,19
421.674,319.72,6,1,19
435.218,321.225,6,1,19
54.469,321.346,6,0,17
476.266,321.411,6,0,20
421.076,321.448,6,0,19
54.068,321.808,6,0,17
37.482,321.958,6,1,17
61.027,322.163,6,0,17
47.348,322.24,6,1,17
435.536,322.356,6,0,19
52.415,322.429,6,0,17
424.367,323.119,6,1,19
28.518,323.886,6,1,17
40.202,324.015,6,1,17
430.045,324.215,6,1,19
47.988,324.866,6,1,17
34.948,325.1,6,0,17
33.205,325.15,6,1,17
458.212,325.358,6,0,20
25.605,325.391,6,1,21
456.158,326.245,6,0,20
467.677,326.964,6,0,20
47.826,327.783,6,1,17
438.462,328.804,6,0,19
429.271,329.775,6,0,19
478.2,329.863,6,0,20
37.153,330.001,6,1,17
23.087,331.747,6,0,21
462.812,333.131,6,1,20
450.655,334.172,6,0,22
7.798,335.318,6,0,21
19.35,335.468,6,1,21
464.485,335.525,6,1,20
12.362,336.383,6,1,21
435.936,336.962,6,0,22
474.028,337.023,6,1,20
26.63,338.016,6,0,21
43.022,338.1,6,0,17
481.873,338.631,6,0,20
8.743,338.975,6,0,21
41.099,339.342,6,0,17
475.227,339.598,6,1,20
18.12,339.686,6,1,21
16.05,340.187,6,1,21
440.528,341.442,6,0,22
45.626,342.268,6,0,17
464.897,343.644,6,1,20
465.009,343.714,6,1,20
24.172,343.841,6,1,21
13.156,344.062,6,1,21
16.346,344.69,6,1,21
461.818,344.828,6,0,20
441.551,345.23,6,1,22
49.718,345.273,6,0,21
10.583,345.6,6,1,21
434.374,345.867,6,0,22
41.708,347.081,6,1,21
435.825,347.081,6,0,22
433.06,348.892,6,0,22
473.169,349.682,6,1,20
29.856,350.191,6,1,21
35.786,350.472,6,1,21
450.58,350.598,6,0,22
431.13,350.641,6,0,22
32.469,350.818,6,1,21
447.728,352.005,6,1,22
46.813,352.385,6,1,21
446.941,352.849,6,1,22
452.782,353.004,6,0,22
446.78,353.006,6,1,22
467.267,353.183,6,1,20
479.124,353.347,6,0,20
55.947,353.436,6,0,21
14.524,353.603,6,0,21
40.931,354.262,6,1,21
24.811,355.822,6,1,21
429.494,355.828,6,0,22
443.649,356.951,6,1,22
36.016,357.015,6,1,21
444.773,357.025,6,1,22
476.866,358.237,6,0,20
18.972,358.39,6,0,21
447.278,359.067,6,1,22
440.322,359.597,6,1,22
445.592,359.608,6,1,22
27.594,360.195,6,1,21
427.076,360.605,6,0,22
460.865,360.605,6,0,20
62.738,361.133,6,0,21
448.514,361.48,6,1,22
472.407,362.644,6,1,20
30.845,362.74,6,1,21
442.663,363.271,6,1,22
11.956,364.116,6,0,21
474.53,364.429,6,0,20
471.83,366.58,6,1,20
425.996,367.085,6,0,20
450.208,367.423,6,0,20
463.023,367.791,6,1,20
422.702,368.899,6,0,20
39.715,368.951,6,0,21
459.782,369.416,6,1,20
63.116,369.837,6,0,21
465.469,369.922,6,1,20
468.761,370.088,6,1,20
75.864,370.152,6,0,21
424.841,370.183,6,0,20
56.519,370.269,6,0,21
17.142,370.489,6,0,21
449.539,370.556,6,0,20
53.734,371.545,6,1,21
455.02,371.707,6,1,20
451.784,372.544,6,1,20
463.597,372.888,6,1,20
470.532,373.245,6,0,20
53.113,373.63,6,1,21
75.981,373.892,6,0,21
26.442,375.309,6,1,21
446.385,375.791,6,1,20
420.762,375.909,6,0,20
405.21,376.181,6,0,20
444.529,376.501,6,1,20
49.221,376.644,6,0,21
458.636,376.864,6,1,20
446.2,376.875,6,1,20
72.552,377.098,6,0,21
27.995,377.312,6,1,21
37.978,377.388,6,1,21
68.11,377.472,6,1,21
444.084,377.758,6,1,20
431.754,378.545,6,0,20
437.278,378.593,6,1,20
45.921,378.705,6,1,21
438.268,378.901,6,1,20
433.499,379.803,6,1,20
457.91,379.863,6,0,20
85.698,380.122,6,0,21
70.221,380.266,6,1,21
91.282,381.058,6,0,21
81.266,381.555,6,0,21
392.807,381.579,6,1,20
399.774,381.619,6,0,20
396.336,382.252,6,0,20
55.135,382.346,6,1,21
59.946,382.474,6,1,21
398.408,383.121,6,0,20
48.354,383.203,6,1,21
98.302,383.25,6,0,21
98.906,383.296,6,0,21
94.322,383.477,6,1,21
449.901,383.51,6,0,20
426.936,383.646,6,0,20
32.217,383.8,6,1,21
71.897,384.142,6,1,21
35.171,384.492,6,1,21
437.593,384.646,6,1,20
418.134,384.903,6,0,20
439.894,385.014,6,1,20
66.915,385.652,6,1,21
435.048,385.943,6,1,20
452.215,385.959,6,0,20
395.719,386.118,6,1,20
74.33,386.576,6,1,21
65.754,386.654,6,1,21
74.614,386.659,6,1,21
381.522,386.891,6,0,20
386.21,386.943,6,1,20
382.863,386.952,6,0,20
29.363,386.997,6,0,21
33.847,387.077,6,0,21
103.896,387.175,6,0,21
77.671,387.262,6,0,21
427.456,388.137,6,1,20
92.832,388.358,6,1,21
101.558,388.536,6,0,21
380.181,389.217,6,1,20
52.869,389.467,6,0,21
436.547,389.647,6,1,20
395.41,390.354,6,1,20
436.104,390.371,6,1,20
368.282,390.461,6,0,20
67.756,390.925,6,1,21
435.992,391.306,6,1,20
433.946,391.346,6,1,20
437.983,392.456,6,0,20
67.603,392.698,6,1,21
43.805,392.703,6,1,21
387.72,392.743,6,1,20
75.721,392.82,6,1,21
91.755,392.94,6,1,21
84.958,392.993,6,1,21
350.834,393.015,6,0,20
412.508,393.212,6,1,20
448.146,393.502,6,0,20
94.032,393.635,6,1,21
421.458,393.757,6,0,20
399.452,393.855,6,1,20
85.894,394.246,6,0,21
76.829,394.409,6,1,21
420.05,394.812,6,1,20
31.469,394.823,6,0,21
48.814,394.997,6,0,21
88.208,395.247,6,1,21
377.197,395.342,6,1,20
99.782,395.363,6,0,21
114.505,395.536,6,1,21
131.893,395.601,6,0,21
424.151,396.003,6,0,20
428.045,396.207,6,1,20
64.925,396.343,6,1,21
382.259,396.419,6,1,20
400.564,396.719,6,1,20
338.582,397.027,6,0,20
420.547,397.059,6,1,20
113.269,397.283,6,1,21
111.269,397.428,6,1,21
361.969,397.622,6,0,20
380.704,397.84,6,1,20
118.64,397.862,6,1,21
65.474,397.864,6,1,21
149.382,398.016,6,0,23
357.426,398.042,6,0,20
83.199,398.172,6,1,21
351.375,398.205,6,0,20
383.83,398.269,6,1,20
409.073,398.274,6,1,20
116.504,398.588,6,1,21
410.204,399.163,6,1,20
110.656,399.239,6,0,21
319.2,399.345,6,0,26
375.708,399.624,6,1,20
115.02,399.69,6,1,21
79.99,399.942,6,1,21
60.61,399.962,6,1,21
117.998,400.035,6,1,21
165.375,400.069,6,1,23
64.08,400.093,6,1,21
111.713,400.172,6,1,21
406.533,400.324,6,1,20
156.759,400.334,6,0,23
64.368,400.932,6,1,21
389.044,400.936,6,1,20
324.707,401.197,6,0,26
53.383,401.396,6,0,21
384.84,401.565,6,1,20
172.728,401.743,6,0,23
157.021,401.853,6,1,23
343.209,401.875,6,1,20
388.29,402.187,6,1,20
135.45,402.325,6,0,21
407.202,402.33,6,1,20
78.412,402.465,6,1,21
296.567,402.621,6,1,24
117.548,402.827,6,1,21
276.546,403.014,6,0,24
119.355,403.016,6,1,21
427.567,403.036,6,0,20
237.441,403.141,6,0,25
171.03,403.242,6,0,23
94.776,403.431,6,1,21
400.29,403.583,6,1,20
364.009,403.632,6,0,20
216.281,403.738,6,0,25
69.344,403.834,6,1,21
394.043,403.837,6,1,20
228.186,404.266,6,0,25
127.521,404.302,6,0,21
291.202,404.565,6,0,24
390.223,404.643,6,1,20
183.113,404.72,6,0,23
263.353,404.726,6,0,24
300.303,404.822,6,1,24
123.494,404.996,6,0,21
335.635,405.027,6,0,20
343.935,405.111,6,1,20
92.976,405.224,6,0,21
305.999,405.251,6,1,24
390.917,405.78,6,1,20
302.855,405.923,6,1,24
87.612,405.967,6,1,21
303.317,405.982,6,0,24
167.863,406.165,6,1,23
120.956,406.173,6,0,21
305.291,406.215,6,1,24
270.593,406.391,6,0,24
169.89,406.627,6,1,23
126.54,406.846,6,1,21
153.452,406.889,6,0,23
195.68,407.109,6,0,25
89.24,407.149,6,0,21
305.034,407.174,6,1,24
63.834,407.371,6,1,21
301.158,407.389,6,1,24
304.714,407.514,6,1,24
405.399,407.597,6,0,20
208.884,407.714,6,0,25
232.737,408.015,6,0,25
275.488,408.147,6,1,24
287.802,408.291,6,1,24
318.68,408.54,6,0,26
228.677,408.656,6,1,25
135.582,408.736,6,1,21
191.883,408.816,6,1,25
255.725,408.868,6,0,24
73.7,408.875,6,0,21
82.104,408.895,6,1,21
130.995,408.988,6,1,21
209.892,409.092,6,0,25
227.285,409.217,6,1,25
70.635,409.332,6,0,21
266.255,409.427,6,1,24
135.223,409.595,6,1,21
160.665,409.705,6,1,23
320.522,409.815,6,0,26
90.167,410.206,6,1,21
213.1,410.277,6,1,25
138.504,410.321,6,0,21
281.102,410.354,6,1,24
284.847,410.361,6,1,24
226.241,410.568,6,1,25
107.758,410.612,6,0,21
178.291,410.675,6,0,23
209.163,410.84,6,0,25
158.839,410.947,6,1,23
351.67,410.951,6,1,20
363.075,411.015,6,1,20
415.817,411.583,6,0,20
229.033,411.662,6,1,25
336.566,411.77,6,1,20
285.446,411.998,6,1,24
260.778,412.067,6,1,24
327.692,412.193,6,1,26
341.677,412.277,6,1,20
257.165,412.331,6,1,24
102.502,412.379,6,1,21
380.025,412.558,6,0,20
279.12,412.833,6,1,24
152.226,412.855,6,0,21
403.768,412.856,6,0,20
257.718,412.965,6,1,24
367.371,413.262,6,1,20
283.121,413.349,6,1,24
169.409,413.67,6,1,23
190.529,413.784,6,1,25
190.273,413.899,6,1,25
271.932,414.035,6,1,24
95.789,414.043,6,1,21
197.375,414.109,6,1,25
109.047,414.293,6,1,21
381.669,414.33,6,1,20
315.492,414.358,6,1,26
197.753,414.381,6,1,25
221.842,414.473,6,1,25
253.467,414.664,6,0,24
139.782,415.115,6,1,21
129.748,415.173,6,1,21
383.414,415.2,6,0,20
197.434,415.202,6,1,25
269.046,415.209,6,1,24
124.115,415.262,6,1,21
80.432,415.289,6,0,21
190.811,415.4,6,1,25
220.093,415.472,6,1,25
237.711,415.537,6,0,25
264.897,415.572,6,1,24
407.023,415.673,6,0,20
295.996,415.991,6,0,24
97.247,416.01,6,1,21
315.275,416.778,6,1,26
151.172,417.074,6,0,21
118.479,417.095,6,0,21
188.836,417.103,6,0,25
281.86,417.163,6,1,24
199.862,417.181,6,1,25
295.567,417.203,6,0,24
207.787,417.346,6,1,25
188.622,417.373,6,0,25
353.395,417.424,6,0,20
258.27,417.529,6,1,24
106.041,417.726,6,1,21
308.96,417.742,6,1,26
211.704,417.878,6,1,25
173.589,417.888,6,0,23
104.555,418.093,6,1,21
335.207,418.16,6,1,20
112.874,418.188,6,1,21
354.632,418.37,6,0,20
125.739,418.416,6,1,21
234.507,418.468,6,0,25
310.619,418.775,6,1,26
387.325,418.898,6,0,20
325.105,419.289,6,0,20
382.581,419.315,6,0,20
271.513,419.377,6,0,24
212.78,419.444,6,1,25
377.046,419.455,6,1,20
140.49,419.932,6,0,21
218.959,420.131,6,1,25
317.028,420.228,6,1,26
254.704,420.249,6,0,24
309.1,420.443,6,1,26
173.306,420.526,6,1,23
92.599,420.669,6,0,21
337.386,421.004,6,1,20
134.898,421.141,6,1,21
314.054,421.248,6,1,26
154.881,421.634,6,1,23
349.701,421.652,6,1,20
201.895,421.718,6,1,25
166.255,421.931,6,0,23
378.984,422.004,6,1,20
371.817,422.008,6,1,20
99.406,422.288,6,0,21
196.673,422.573,6,1,25
330.035,422.856,6,1,20
316.572,423.484,6,1,26
118.361,423.503,6,1,21
175.443,423.556,6,1,23
283.699,423.558,6,0,24
279.992,423.596,6,0,24
212.343,423.602,6,1,25
185.609,423.917,6,0,23
366.829,424.024,6,1,20
129.466,424.13,6,1,21
218.038,424.521,6,1,25
363.769,424.607,6,0,20
338.379,424.652,6,0,20
176.376,424.839,6,1,23
271.134,424.855,6,1,24
120.665,425.106,6,1,21
311.792,425.296,6,1,26
97.952,425.347,6,0,21
297.329,425.654,6,1,24
313.0,425.869,6,1,26
340.875,426.126,6,1,20
245.642,426.362,6,1,24
319.669,426.467,6,1,26
126.147,426.478,6,1,21
293.242,426.633,6,1,24
375.438,426.635,6,0,20
175.931,426.949,6,1,23
170.395,427.14,6,1,23
281.535,427.357,6,1,24
207.034,427.407,6,1,25
137.681,427.607,6,1,21
152.751,427.649,6,0,23
150.81,427.675,6,1,23
114.123,427.772,6,0,21
200.928,427.941,6,1,25
200.511,427.955,6,1,25
287.307,428.207,6,1,24
210.663,428.231,6,1,25
128.275,428.488,6,1,21
175.522,428.597,6,1,23
186.077,429.118,6,0,23
179.995,429.387,6,1,23
321.488,429.445,6,1,26
163.642,429.528,6,1,23
205.247,429.563,6,1,25
171.426,429.853,6,1,23
177.699,430.005,6,1,23
198.463,430.006,6,1,25
158.042,430.115,6,0,23
312.424,430.181,6,1,26
251.255,430.57,6,0,24
344.933,431.301,6,0,20
277.793,431.339,6,1,24
317.931,431.572,6,0,26
134.386,431.874,6,0,21
262.219,432.229,6,1,24
173.95,432.248,6,1,23
337.756,432.272,6,0,20
157.268,432.455,6,0,23
325.985,432.681,6,0,20
309.701,432.849,6,0,26
149.632,433.107,6,0,21
219.665,434.107,6,0,25
150.417,434.508,6,0,21
264.571,434.546,6,1,24
160.359,434.736,6,0,23
272.937,434.785,6,1,24
270.371,434.949,6,1,24
322.39,435.133,6,0,26
289.899,435.177,6,1,24
225.679,435.41,6,0,25
303.837,435.479,6,0,24
206.045,436.023,6,1,25
188.361,436.104,6,0,23
169.052,436.336,6,0,23
325.641,436.469,6,0,20
265.566,436.524,6,0,24
230.877,436.569,6,0,24
264.409,436.615,6,1,24
171.919,436.719,6,0,23
293.566,436.723,6,0,24
193.055,436.953,6,0,25
213.511,437.019,6,1,25
192.08,437.213,6,0,25
183.244,437.523,6,0,23
228.015,438.665,6,0,25
288.79,438.928,6,0,24
258.736,439.333,6,1,24
297.477,439.6,6,0,24
203.887,440.687,6,0,25
298.536,440.791,6,0,24
243.962,440.814,6,0,24
238.526,441.593,6,0,24
251.937,442.055,6,0,24
200.09,442.546,6,0,25
272.275,445.758,6,0,24
216.038,64.569,7,0,28
259.969,68.072,7,0,29
226.852,68.191,7,0,28
126.801,68.228,7,1,27
190.483,68.481,7,0,27
47.035,68.538,7,0,27
309.29,68.687,7,0,30
231.062,68.763,7,0,28
133.637,68.782,7,0,27
121.143,68.878,7,1,27
54.094,68.93,7,0,27
113.246,69.092,7,0,27
217.701,69.131,7,1,28
264.302,69.184,7,0,29
116.821,69.283,7,0,27
251.889,69.384,7,1,29
284.77,69.565,7,0,30
32.783,69.609,7,0,31
90.353,69.805,7,0,27
115.059,70.588,7,0,27
293.519,70.663,7,0,30
242.242,70.84,7,0,29
81.168,70.878,7,0,27
21.727,71.013,7,0,31
275.25,71.139,7,0,30
233.191,71.16,7,0,28
152.262,71.197,7,0,27
253.069,71.225,7,1,29
327.389,71.249,7,0,30
121.669,71.339,7,1,27
145.722,71.481,7,0,27
278.585,71.559,7,0,30
320.408,71.723,7,1,30
188.685,71.897,7,0,27
48.953,71.91,7,0,27
201.272,72.19,7,0,28
132.484,72.435,7,0,27
298.292,72.518,7,0,30
281.398,72.732,7,1,30
58.985,72.888,7,1,27
311.518,72.891,7,0,30
162.008,73.114,7,0,27
130.284,73.427,7,1,27
146.881,73.517,7,0,27
170.891,73.995,7,0,27
206.398,74.276,7,1,28
40.033,74.325,7,0,31
269.955,74.645,7,0,30
174.767,74.719,7,1,27
214.988,74.723,7,1,28
324.542,75.255,7,0,30
150.483,75.369,7,0,27
129.035,75.443,7,1,27
155.305,75.505,7,0,27
211.502,75.519,7,1,28
50.613,75.772,7,1,27
102.179,75.819,7,0,27
73.408,75.876,7,0,27
29.382,76.012,7,1,31
65.628,76.131,7,0,27
24.719,76.158,7,1,31
151.859,76.227,7,0,27
64.69,76.368,7,1,27
305.816,76.428,7,0,30
195.407,76.619,7,0,27
17.618,76.707,7,0,31
54.673,76.753,7,1,27
60.474,76.761,7,1,27
318.516,76.837,7,1,30
321.917,76.855,7,1,30
35.155,77.012,7,1,31
247.068,77.082,7,1,29
253.91,77.438,7,1,29
331.232,77.468,7,0,30
142.261,77.667,7,1,27
184.225,77.736,7,0,27
55.245,77.925,7,1,27
22.438,77.946,7,1,31
220.875,78.13,7,1,28
300.542,78.151,7,0,30
199.753,78.471,7,0,28
113.973,78.928,7,1,27
50.868,78.939,7,1,27
276.967,78.989,7,1,30
90.211,79.071,7,0,27
187.05,79.109,7,0,27
68.587,79.172,7,1,27
89.968,79.221,7,0,27
255.24,79.41,7,1,29
109.145,79.592,7,1,27
164.547,79.603,7,1,27
317.82,80.373,7,1,30
23.927,80.504,7,1,31
183.279,80.504,7,1,27
289.186,80.511,7,1,30
28.05,80.915,7,1,31
250.365,81.036,7,1,29
178.396,81.042,7,1,27
28.819,81.143,7,1,31
323.43,81.213,7,1,30
77.37,81.326,7,0,27
283.176,81.482,7,1,30
247.943,81.576,7,1,29
38.135,81.592,7,0,31
105.994,81.689,7,1,27
79.447,81.78,7,1,27
100.859,81.948,7,1,27
173.988,82.143,7,1,27
89.099,82.281,7,1,27
214.795,82.535,7,1,28
284.032,83.041,7,1,30
219.699,83.054,7,1,28
248.964,83.423,7,1,29
107.399,83.517,7,1,27
140.64,83.611,7,1,27
329.821,83.693,7,0,30
130.003,83.758,7,1,27
172.473,83.817,7,1,27
254.236,84.097,7,0,29
313.376,84.138,7,1,30
203.77,84.203,7,0,28
125.307,84.468,7,0,27
45.832,84.49,7,0,27
75.458,84.596,7,1,27
112.016,84.655,7,1,27
41.348,84.674,7,0,27
51.149,85.005,7,0,27
315.754,85.203,7,1,30
267.122,85.436,7,0,29
297.382,85.729,7,0,30
231.815,86.061,7,0,32
307.544,86.256,7,1,30
176.354,86.404,7,1,27
284.96,86.528,7,1,30
67.625,86.571,7,1,27
139.114,86.722,7,1,27
234.676,86.8,7,0,32
100.566,87.184,7,1,27
290.86,87.39,7,1,30
65.152,87.445,7,1,27
140.329,87.487,7,1,27
91.613,87.869,7,1,27
125.958,88.053,7,0,27
301.209,88.087,7,1,30
96.868,88.464,7,1,27
170.37,88.633,7,1,27
158.962,88.723,7,0,27
137.036,88.84,7,1,27
71.383,88.961,7,1,27
228.559,89.153,7,0,32
26.029,89.203,7,1,31
214.032,89.258,7,1,28
285.57,89.352,7,1,30
59.543,89.465,7,0,27
138.531,89.481,7,1,27
205.344,89.501,7,1,28
92.804,89.609,7,1,27
160.633,90.148,7,0,27
70.26,90.168,7,1,27
21.191,90.175,7,1,31
216.693,90.176,7,1,28
209.759,90.274,7,1,28
302.575,90.312,7,1,30
143.856,90.406,7,1,27
67.907,90.611,7,1,27
276.088,90.629,7,1,30
88.006,90.715,7,1,27
299.906,91.006,7,1,30
171.044,91.052,7,1,27
331.807,91.092,7,0,30
119.989,91.217,7,0,27
176.423,91.278,7,1,27
149.279,91.325,7,1,27
167.107,91.329,7,0,27
143.313,91.353,7,1,27
174.943,91.396,7,1,27
185.274,91.51,7,0,27
213.281,91.533,7,1,28
84.65,91.606,7,1,27
81.736,91.847,7,1,27
271.966,92.033,7,1,30
108.697,92.295,7,0,27
319.142,92.307,7,1,30
282.125,92.573,7,1,30
289.827,92.748,7,1,30
224.473,92.762,7,1,28
123.146,92.857,7,0,27
182.346,93.09,7,1,27
180.999,93.371,7,1,27
319.819,93.381,7,1,30
314.32,93.69,7,1,30
245.298,93.733,7,0,32
325.169,93.746,7,1,30
147.988,93.752,7,0,27
305.636,93.766,7,1,30
326.576,93.977,7,1,30
142.553,94.007,7,1,27
279.95,94.095,7,1,30
34.828,94.239,7,1,31
229.302,94.68,7,0,32
269.226,94.857,7,1,30
280.481,94.905,7,1,30
304.076,95.292,7,1,30
310.945,95.436,7,1,30
270.629,95.601,7,1,30
99.083,95.623,7,1,27
172.993,95.744,7,1,27
192.915,95.776,7,0,27
128.415,95.79,7,1,27
295.165,96.015,7,1,30
32.332,96.076,7,1,31
287.144,96.099,7,1,30
45.044,96.237,7,0,31
262.497,96.386,7,1,30
236.939,96.547,7,1,32
18.619,96.615,7,0,31
30.025,97.059,7,1,31
292.227,97.319,7,1,30
151.36,97.467,7,1,27
218.971,97.701,7,1,28
83.275,97.813,7,1,27
204.796,97.934,7,1,28
67.156,98.011,7,1,27
218.354,98.038,7,1,28
238.965,98.246,7,1,32
260.378,98.251,7,0,30
163.495,98.358,7,1,27
175.281,98.624,7,1,27
80.47,99.037,7,1,27
127.306,99.195,7,1,27
103.745,99.497,7,1,27
243.78,99.689,7,1,32
268.029,99.763,7,1,30
267.519,99.886,7,1,30
118.059,100.328,7,1,27
325.927,100.549,7,1,30
73.978,100.794,7,1,27
207.397,100.795,7,1,28
159.43,101.157,7,1,27
168.411,101.163,7,1,27
237.872,101.487,7,1,32
165.358,101.519,7,1,27
237.318,101.524,7,1,32
328.292,101.575,7,0,30
240.2,101.601,7,1,32
272.841,101.612,7,1,30
165.878,101.694,7,1,27
261.697,101.72,7,1,30
61.133,101.851,7,0,27
31.865,101.905,7,1,31
236.33,102.284,7,1,32
102.728,102.351,7,1,27
71.598,102.415,7,1,27
159.945,102.417,7,1,27
302.044,102.431,7,1,30
62.701,102.641,7,1,27
98.283,102.789,7,1,27
161.741,102.86,7,1,27
38.412,102.886,7,1,31
134.135,102.904,7,1,27
259.747,102.947,7,0,30
273.514,102.993,7,0,30
88.192,103.002,7,0,27
233.505,103.258,7,1,32
187.762,103.601,7,0,27
321.573,103.626,7,1,30
93.934,103.76,7,1,27
193.371,103.796,7,0,28
135.355,104.132,7,1,27
36.662,104.369,7,1,31
314.72,104.4,7,0,30
39.133,104.498,7,1,31
301.723,105.178,7,0,30
207.05,105.296,7,0,28
316.657,105.436,7,0,30
95.38,105.52,7,1,27
122.636,105.828,7,1,27
208.624,105.845,7,0,28
74.73,105.853,7,1,27
241.581,106.008,7,1,32
92.035,106.078,7,0,27
197.053,106.129,7,1,28
330.499,106.441,7,0,30
221.783,106.579,7,0,28
235.862,106.819,7,1,32
126.396,107.061,7,1,27
299.646,107.462,7,0,30
291.655,108.077,7,0,30
162.565,108.361,7,1,27
317.621,108.413,7,0,30
259.006,108.686,7,0,30
232.675,108.73,7,0,32
107.594,109.229,7,0,27
246.555,109.607,7,0,32
107.186,109.662,7,0,27
291.912,109.756,7,0,30
14.943,109.986,7,0,31
263.578,110.154,7,0,30
124.427,110.471,7,1,27
182.642,110.55,7,0,27
69.485,110.585,7,0,27
243.13,110.616,7,0,32
42.772,110.768,7,1,31
124.332,110.81,7,0,27
226.114,110.826,7,0,32
141.028,110.828,7,0,27
57.366,110.88,7,0,27
37.275,111.523,7,1,31
110.56,111.854,7,0,27
312.287,111.995,7,0,30
117.429,112.038,7,0,27
152.64,112.135,7,0,27
33.276,112.226,7,1,31
20.122,112.335,7,0,31
156.552,112.412,7,0,27
44.408,112.495,7,0,31
196.111,112.736,7,0,28
224.993,112.877,7,0,28
56.858,113.207,7,0,27
199.195,113.672,7,0,28
279.222,113.841,7,0,30
99.84,113.858,7,0,27
144.907,113.889,7,0,27
257.113,113.893,7,0,30
216.907,114.343,7,0,28
151.554,114.535,7,0,27
157.445,116.146,7,0,27
271.068,116.208,7,0,30
638.429,69.833,8,0,33
646.873,70.219,8,0,33
642.615,70.236,8,0,33
637.159,73.381,8,1,33
646.356,76.271,8,0,33
628.895,77.097,8,1,33
653.458,77.615,8,0,33
648.93,79.587,8,0,33
628.01,79.848,8,1,33
633.666,80.951,8,1,33
635.234,81.065,8,1,33
630.515,81.439,8,1,33
633.983,81.757,8,1,33
651.337,82.528,8,1,33
633.844,84.471,8,1,33
644.083,85.89,8,1,33
628.277,87.093,8,1,33
650.184,87.129,8,1,33
642.5,87.839,8,1,33
619.365,89.899,8,0,33
641.343,90.272,8,1,33
631.953,90.276,8,1,33
645.859,90.376,8,1,33
652.053,90.481,8,1,33
635.287,92.205,8,1,33
650.558,92.824,8,1,33
629.853,94.01,8,0,33
660.985,94.011,8,0,33
616.468,94.085,8,0,33
659.341,96.81,8,0,33
655.865,99.736,8,1,33
658.268,100.376,8,0,33
643.042,102.249,8,0,33
616.289,102.478,8,0,33
648.069,102.873,8,1,33
645.295,105.293,8,0,33
629.751,106.066,8,0,33
647.14,108.757,8,1,33
656.369,110.216,8,1,33
639.052,110.412,8,0,33
637.992,112.942,8,1,33
626.31,113.467,8,1,33
613.896,117.119,8,0,33
626.995,117.563,8,1,33
649.304,117.694,8,1,33
628.444,118.015,8,1,33
660.578,118.683,8,0,33
624.272,120.167,8,1,33
647.534,121.18,8,1,33
652.477,121.476,8,0,33
623.795,121.7,8,1,33
646.952,121.884,8,1,33
615.776,123.529,8,0,33
650.71,123.953,8,0,33
631.923,124.434,8,1,33
658.523,125.339,8,1,33
625.508,125.495,8,1,33
640.05,125.601,8,1,33
617.471,127.921,8,1,33
627.604,129.176,8,1,33
636.495,129.319,8,0,33
625.735,129.76,8,1,33
634.514,130.263,8,0,33
622.163,130.69,8,1,33
649.648,131.033,8,1,33
618.195,132.638,8,0,33
610.536,132.741,8,0,33
634.382,133.032,8,0,33
612.218,134.758,8,0,33
619.071,135.846,8,0,33
662.65,136.899,8,0,33
658.723,138.197,8,0,33
651.528,138.403,8,1,33
661.357,140.724,8,0,33
644.799,141.261,8,1,33
636.913,141.899,8,1,33
639.199,142.088,8,0,33
643.383,143.582,8,0,33
628.99,145.241,8,0,33
658.936,145.456,8,0,33
625.444,145.547,8,0,33
659.866,145.636,8,0,33
630.689,145.696,8,0,33
639.847,146.073,8,1,33
615.64,148.389,8,0,33
629.251,148.398,8,1,33
650.806,149.221,8,1,33
656.952,150.523,8,1,33
604.735,150.861,8,0,33
626.521,150.995,8,1,33
617.633,151.196,8,0,33
647.191,152.708,8,1,33
646.492,152.897,8,1,33
619.496,154.315,8,1,33
627.27,154.611,8,1,33
639.284,155.42,8,1,33
622.555,155.503,8,1,33
625.851,156.341,8,1,33
643.606,156.761,8,0,33
609.945,158.653,8,0,33
602.53,160.501,8,0,33
657.65,160.602,8,0,33
635.719,161.542,8,0,33
622.699,162.277,8,1,33
637.024,162.813,8,0,33
639.967,162.975,8,1,33
639.365,163.731,8,1,33
620.534,164.019,8,1,33
630.962,164.268,8,1,33
621.702,164.641,8,1,33
620.159,165.072,8,1,33
662.146,165.24,8,0,33
650.876,165.404,8,1,33
648.855,167.315,8,1,33
624.875,168.281,8,1,33
654.176,168.852,8,1,33
631.85,168.909,8,0,33
611.298,168.946,8,0,33
602.919,169.31,8,0,33
650.435,169.443,8,1,33
619.291,169.777,8,1,33
615.414,170.371,8,1,33
616.396,170.894,8,1,33
644.034,172.01,8,1,33
642.844,172.614,8,1,33
649.544,172.643,8,1,33
657.885,173.242,8,1,33
651.132,174.202,8,1,33
643.42,175.624,8,1,33
642.241,176.611,8,0,33
632.65,178.971,8,0,34
628.554,179.042,8,0,34
618.682,179.581,8,0,34
656.563,179.591,8,0,33
641.56,181.521,8,1,33
636.046,181.612,8,0,33
653.977,182.634,8,0,33
639.708,183.47,8,1,33
638.731,183.472,8,1,33
601.317,184.681,8,0,34
623.263,184.972,8,1,34
620.703,185.233,8,0,34
612.437,185.931,8,0,34
610.704,186.45,8,1,34
615.151,186.791,8,1,34
602.679,187.337,8,0,34
607.416,188.377,8,0,34
647.937,189.06,8,1,33
657.491,189.694,8,1,33
638.975,191.449,8,1,33
651.958,192.903,8,1,33
604.409,193.249,8,1,34
632.028,194.416,8,0,34
601.576,194.947,8,0,34
640.128,195.589,8,1,33
609.228,195.754,8,1,34
624.375,196.041,8,0,34
645.81,196.052,8,1,33
613.66,196.166,8,1,34
625.616,196.519,8,0,34
646.799,197.472,8,1,33
633.093,198.324,8,1,33
614.3,198.526,8,1,34
613.055,198.557,8,0,34
608.58,199.304,8,1,34
635.52,199.74,8,1,33
601.033,200.945,8,0,34
652.831,202.27,8,0,33
609.127,204.111,8,1,34
605.49,204.686,8,0,34
611.829,204.873,8,1,34
619.031,205.036,8,1,34
614.423,205.113,8,1,34
657.772,205.355,8,0,33
657.381,206.686,8,0,33
631.138,206.869,8,1,33
623.037,207.234,8,0,33
612.316,209.244,8,1,34
631.43,210.478,8,0,33
607.942,210.84,8,1,34
605.976,211.04,8,0,34
618.437,212.16,8,0,34
634.796,212.666,8,0,33
610.961,213.425,8,0,34
610.153,215.188,8,1,34
633.422,218.453,8,0,33
608.146,219.188,8,1,34
633.557,219.878,8,0,33
604.556,220.79,8,1,34
623.087,221.653,8,1,34
613.606,222.104,8,1,34
615.063,222.315,8,1,34
627.911,223.012,8,1,34
604.254,223.408,8,0,34
607.289,224.486,8,1,34
644.213,224.599,8,1,34
598.838,224.764,8,0,34
608.264,225.201,8,1,34
623.982,225.693,8,0,34
617.815,225.705,8,1,34
609.06,226.166,8,1,34
598.718,226.987,8,0,34
654.422,231.377,8,0,34
625.301,232.053,8,1,34
639.147,233.532,8,1,34
643.697,233.82,8,1,34
631.229,234.764,8,1,34
644.494,235.512,8,1,34
636.19,236.904,8,1,34
613.143,237.416,8,0,34
648.744,239.676,8,1,34
617.003,239.865,8,1,34
621.991,241.452,8,1,34
595.235,241.921,8,0,34
614.255,242.22,8,1,34
625.158,242.82,8,1,34
615.254,243.125,8,0,34
656.057,243.157,8,0,34
602.706,243.216,8,0,34
642.662,245.097,8,0,34
626.823,247.105,8,1,34
642.879,248.146,8,0,34
608.849,248.307,8,1,34
597.123,251.997,8,0,34
627.196,252.452,8,0,34
590.237,253.125,8,0,34
606.155,253.36,8,1,34
626.671,254.995,8,1,34
631.705,255.064,8,1,34
611.046,256.673,8,0,34
607.867,257.979,8,1,34
612.879,258.661,8,0,34
620.419,259.859,8,0,34
600.872,260.058,8,1,34
640.509,260.983,8,0,34
632.566,261.732,8,1,34
632.969,261.954,8,1,34
637.637,262.346,8,1,34
600.762,262.49,8,1,34
609.641,262.757,8,1,34
598.192,262.925,8,1,34
633.248,263.68,8,1,34
613.565,264.571,8,1,34
596.028,264.929,8,0,34
605.868,266.005,8,1,34
606.284,266.339,8,1,34
630.267,266.767,8,1,34
590.664,267.344,8,0,34
634.972,268.941,8,1,34
629.951,269.953,8,1,34
566.779,270.141,8,0,34
624.628,270.96,8,1,34
592.434,271.299,8,0,34
563.985,272.66,8,0,34
582.921,272.69,8,0,34
558.108,272.722,8,0,34
576.439,273.065,8,0,34
617.069,273.229,8,1,34
606.928,273.56,8,1,34
592.685,274.15,8,0,34
604.825,274.538,8,0,34
550.221,276.31,8,1,34
631.365,277.22,8,0,34
618.024,277.472,8,1,34
609.564,277.599,8,1,34
551.227,277.835,8,1,34
561.011,278.402,8,1,34
610.315,279.406,8,1,34
630.816,279.596,8,0,34
586.251,279.724,8,0,34
615.035,280.036,8,1,34
544.102,280.259,8,1,34
596.122,280.357,8,1,34
551.038,280.461,8,1,34
627.389,280.766,8,0,34
629.581,280.84,8,0,34
583.927,280.909,8,0,34
567.411,281.058,8,0,34
563.615,281.11,8,0,34
535.18,281.514,8,0,34
588.253,281.569,8,1,34
601.208,281.781,8,1,34
628.756,281.994,8,0,34
566.374,282.239,8,1,34
553.029,282.259,8,1,34
554.812,282.421,8,1,34
591.563,282.493,8,1,34
538.109,282.559,8,0,34
614.086,282.568,8,0,34
619.945,283.01,8,1,34
550.033,283.092,8,1,34
598.961,284.439,8,1,34
598.586,284.883,8,1,34
599.292,285.253,8,1,34
603.992,287.038,8,1,34
589.273,287.346,8,1,34
537.23,287.784,8,0,34
611.121,288.272,8,1,34
584.461,288.812,8,1,34
550.336,288.853,8,1,34
545.758,289.376,8,1,34
586.055,289.412,8,1,34
562.703,289.468,8,0,34
585.755,290.904,8,1,34
574.252,290.973,8,0,34
582.679,290.978,8,1,34
549.662,291.402,8,0,34
592.2,291.789,8,0,34
581.772,291.836,8,1,34
564.464,292.351,8,1,34
586.942,292.405,8,1,34
567.92,293.421,8,0,34
566.964,293.507,8,0,34
610.904,293.739,8,0,34
583.331,293.777,8,1,34
584.405,294.012,8,1,34
549.789,294.089,8,0,34
585.28,294.418,8,1,34
583.83,294.789,8,1,34
597.681,294.973,8,1,34
535.768,295.254,8,1,34
604.995,295.599,8,0,34
545.803,295.735,8,1,34
571.74,296.147,8,0,34
536.682,296.948,8,1,34
588.979,296.993,8,0,34
574.955,297.113,8,0,34
603.368,297.967,8,0,34
529.14,298.157,8,0,34
554.264,299.127,8,1,34
524.605,299.439,8,0,34
557.589,299.657,8,1,34
560.629,300.508,8,1,34
588.882,301.082,8,1,34
580.291,302.288,8,0,34
599.632,302.326,8,0,34
528.668,302.446,8,0,34
550.772,303.124,8,1,34
520.891,303.156,8,0,34
562.2,303.45,8,1,34
553.389,304.069,8,1,34
554.076,304.111,8,1,34
565.244,304.849,8,0,34
552.828,304.859,8,1,34
545.118,305.189,8,1,34
574.787,305.203,8,1,34
548.781,305.562,8,1,34
531.641,306.148,8,0,34
580.045,306.605,8,1,34
536.437,306.857,8,1,34
581.364,307.078,8,1,34
542.73,307.096,8,1,34
566.065,308.456,8,1,34
589.452,309.517,8,1,34
581.997,309.537,8,1,34
572.642,309.685,8,1,34
564.544,310.094,8,1,34
551.375,310.51,8,1,34
592.919,310.886,8,0,34
572.525,310.948,8,1,34
593.848,312.823,8,0,34
573.861,313.341,8,1,34
570.477,313.669,8,1,34
592.084,314.374,8,0,34
543.406,314.782,8,1,34
587.403,314.782,8,0,34
572.385,315.254,8,0,34
543.885,315.921,8,1,34
532.48,316.115,8,1,34
568.736,316.53,8,1,34
542.344,317.173,8,0,34
561.695,317.556,8,1,34
557.155,319.103,8,0,34
521.94,319.312,8,1,34
530.896,320.019,8,1,34
519.322,320.204,8,0,34
551.946,321.267,8,1,34
525.257,321.555,8,1,34
557.719,322.275,8,0,34
529.494,322.42,8,1,34
565.606,323.526,8,0,34
558.038,324.983,8,0,34
513.127,325.576,8,0,34
539.567,325.635,8,0,34
511.288,325.661,8,0,34
562.505,326.106,8,0,34
524.815,326.561,8,1,34
562.334,326.591,8,0,34
542.555,326.774,8,0,34
526.977,329.825,8,1,34
510.187,332.044,8,0,34
527.642,333.275,8,1,34
535.357,333.618,8,1,34
530.679,334.881,8,1,34
521.398,336.101,8,1,34
506.014,336.845,8,0,34
544.957,338.278,8,0,34
516.405,338.377,8,1,34
559.536,338.844,8,0,34
516.866,340.122,8,0,34
516.175,340.423,8,1,34
533.031,342.258,8,1,34
516.709,342.967,8,1,34
507.298,343.141,8,1,34
526.655,343.227,8,1,34
537.073,343.324,8,1,34
531.384,344.036,8,1,34
559.947,344.313,8,1,34
551.8,344.665,8,1,34
532.63,346.463,8,0,34
549.928,346.87,8,1,34
512.998,347.134,8,1,34
506.282,347.256,8,1,34
549.219,347.288,8,1,34
549.046,347.325,8,1,34
556.37,347.521,8,1,34
530.543,347.717,8,1,34
517.124,348.839,8,1,34
505.591,349.722,8,1,34
533.873,350.12,8,1,34
546.092,350.246,8,1,34
506.8,351.681,8,1,34
514.726,352.324,8,1,34
563.16,352.825,8,0,34
560.466,353.041,8,0,34
496.813,353.348,8,0,34
523.78,353.627,8,0,34
539.062,354.104,8,0,34
515.737,354.633,8,1,34
512.512,354.649,8,1,34
545.246,354.684,8,0,34
535.007,354.879,8,1,34
531.92,355.585,8,1,34
528.132,357.187,8,0,34
509.195,357.335,8,1,34
545.841,357.713,8,1,34
564.763,360.585,8,0,35
496.355,360.734,8,0,34
526.393,362.78,8,1,34
533.479,362.868,8,1,34
534.698,363.307,8,1,34
514.931,364.027,8,1,34
508.735,364.085,8,0,34
544.336,365.089,8,1,34
536.211,368.434,8,1,34
544.616,368.465,8,1,34
518.741,368.731,8,1,34
549.438,368.815,8,1,34
552.761,369.18,8,0,34
527.74,370.741,8,1,34
529.853,371.235,8,1,34
507.817,371.655,8,0,34
537.48,372.144,8,1,34
514.38,372.154,8,0,34
540.382,372.201,8,1,34
522.716,372.396,8,1,34
547.908,373.611,8,1,34
563.812,373.659,8,0,35
570.276,374.89,8,0,35
537.858,375.534,8,1,34
566.252,376.006,8,1,35
522.372,376.576,8,0,34
541.593,376.772,8,1,34
546.888,377.032,8,0,34
582.543,378.021,8,0,35
573.339,379.514,8,1,35
572.883,380.49,8,1,35
584.977,380.705,8,0,35
506.593,380.706,8,0,34
564.637,382.724,8,1,35
560.103,383.985,8,1,35
568.561,384.308,8,1,35
582.386,384.61,8,0,35
544.506,384.68,8,0,34
602.052,385.07,8,0,35
626.183,385.463,8,0,36
623.634,386.466,8,0,36
557.014,386.488,8,1,35
616.898,386.718,8,0,36
524.271,387.662,8,0,34
497.011,388.034,8,0,35
564.948,388.251,8,1,35
576.761,388.831,8,1,35
561.196,389.205,8,1,35
594.78,390.005,8,0,35
630.417,390.87,8,0,36
575.553,391.146,8,1,35
623.474,391.353,8,1,36
528.987,391.381,8,0,35
623.929,392.063,8,1,36
500.079,392.084,8,0,35
621.458,392.174,8,1,36
627.516,392.205,8,1,36
609.448,392.217,8,0,36
556.283,393.042,8,1,35
614.765,393.269,8,1,36
624.527,393.526,8,1,36
568.984,393.64,8,1,35
518.845,393.922,8,1,35
538.624,394.299,8,0,35
613.404,394.391,8,1,36
557.228,394.627,8,1,35
546.581,395.05,8,0,35
529.239,395.06,8,0,35
553.648,395.396,8,1,35
620.747,395.5,8,1,36
637.922,396.26,8,0,36
619.682,396.262,8,1,36
620.355,396.944,8,1,36
640.872,396.954,8,0,36
647.756,397.113,8,0,36
517.716,397.381,8,1,35
509.624,398.128,8,1,35
584.55,398.314,8,1,35
515.617,398.462,8,1,35
534.354,398.824,8,0,35
658.107,398.942,8,1,36
523.036,399.07,8,1,35
540.774,399.332,8,0,35
512.329,399.97,8,1,35
659.654,400.335,8,1,36
580.489,400.387,8,0,35
656.659,400.523,8,1,36
497.553,400.884,8,0,35
580.793,400.915,8,1,35
652.585,401.112,8,1,36
653.301,401.142,8,1,36
634.716,401.244,8,0,36
664.506,402.044,8,0,36
607.694,402.076,8,0,35
631.776,402.169,8,1,36
596.177,402.183,8,1,35
638.123,402.948,8,1,36
666.425,403.01,8,0,36
569.496,403.554,8,0,35
523.135,404.033,8,1,35
591.13,404.274,8,1,35
514.003,404.715,8,1,35
540.47,405.085,8,0,35
556.0,405.256,8,0,35
634.319,405.427,8,1,36
636.7,405.742,8,1,36
517.442,406.077,8,1,35
637.681,406.356,8,1,36
507.08,406.499,8,0,35
532.885,407.271,8,0,35
561.513,407.344,8,0,35
657.817,408.07,8,1,36
576.475,408.079,8,0,35
519.845,408.173,8,1,35
605.298,408.676,8,0,35
525.329,408.777,8,1,35
609.738,408.906,8,0,35
643.854,409.022,8,1,36
632.419,409.502,8,1,36
531.025,409.594,8,0,35
665.24,409.595,8,0,36
656.889,409.615,8,1,36
543.174,409.724,8,1,35
583.483,409.846,8,1,35
559.64,410.03,8,0,35
521.159,410.444,8,1,35
594.187,410.605,8,0,35
531.474,410.911,8,0,35
537.59,410.962,8,1,35
589.913,410.969,8,1,35
559.715,411.3,8,0,35
644.994,411.51,8,0,36
522.47,411.807,8,1,35
522.187,411.914,8,1,35
558.783,412.258,8,0,35
546.742,412.305,8,1,35
523.594,412.541,8,1,35
617.726,412.715,8,0,35
571.524,413.035,8,0,35
543.677,413.373,8,1,35
624.702,413.612,8,0,35
513.46,413.998,8,0,35
541.81,414.169,8,1,35
593.963,414.261,8,1,35
644.629,414.595,8,1,36
638.329,414.601,8,1,36
625.101,414.69,8,0,35
544.225,414.718,8,1,35
548.348,415.317,8,1,35
648.34,415.376,8,1,36
656.796,416.111,8,0,36
622.982,416.399,8,0,35
639.921,416.485,8,1,36
527.026,416.579,8,1,35
544.763,416.649,8,1,35
518.294,416.867,8,1,35
680.701,416.937,8,0,36
536.556,417.417,8,1,35
650.36,418.248,8,1,36
577.566,418.34,8,0,35
654.665,418.648,8,0,36
662.413,418.669,8,0,36
588.025,419.772,8,0,35
509.088,420.189,8,0,37
517.639,420.626,8,0,35
615.942,420.748,8,1,35
555.656,421.388,8,1,35
541.292,421.412,8,1,35
606.456,421.616,8,1,35
555.477,422.03,8,1,35
641.059,422.102,8,1,36
683.671,422.505,8,0,36
663.05,422.637,8,0,36
595.394,422.642,8,1,35
602.168,422.725,8,1,35
639.621,422.884,8,0,36
642.005,422.946,8,1,36
503.099,423.039,8,0,35
552.192,423.151,8,1,35
645.575,423.792,8,1,36
675.769,424.198,8,1,36
547.195,424.432,8,1,35
614.932,424.576,8,1,35
557.78,425.207,8,1,35
667.073,425.59,8,1,36
510.521,426.533,8,0,37
632.094,426.829,8,0,36
555.071,427.039,8,1,35
664.939,427.302,8,0,36
534.138,427.444,8,0,35
600.056,427.462,8,1,35
606.664,427.974,8,1,35
591.859,428.001,8,0,35
645.176,428.255,8,0,36
670.508,428.31,8,1,36
561.414,428.466,8,1,35
613.794,428.565,8,1,35
559.657,428.669,8,1,35
560.38,429.224,8,1,35
671.176,429.473,8,1,36
550.407,429.628,8,1,35
496.552,429.749,8,0,37
598.298,430.209,8,0,35
681.532,430.285,8,0,36
666.825,430.519,8,1,36
576.034,430.531,8,0,35
541.993,430.812,8,1,35
531.421,430.824,8,0,37
649.929,431.409,8,1,36
677.589,431.481,8,1,36
548.547,431.905,8,1,35
519.073,431.995,8,1,37
568.102,432.006,8,1,35
635.104,432.828,8,0,36
505.11,432.984,8,0,37
579.018,433.463,8,0,35
618.99,433.662,8,0,35
526.011,433.833,8,0,37
518.055,433.979,8,1,37
571.178,434.044,8,0,35
605.596,434.319,8,1,35
524.43,434.446,8,1,37
660.227,434.59,8,1,36
517.953,434.911,8,1,37
673.834,435.254,8,1,36
622.07,435.692,8,0,35
595.016,436.412,8,1,35
584.847,436.565,8,1,35
644.594,436.61,8,1,36
618.814,436.923,8,0,35
549.33,437.57,8,1,35
607.165,437.833,8,1,35
508.218,438.065,8,0,37
632.776,438.067,8,1,36
672.278,438.864,8,0,36
512.791,438.881,8,1,37
523.964,438.922,8,1,37
641.493,439.113,8,1,36
511.816,439.857,8,1,37
646.095,440.274,8,1,36
539.492,440.442,8,1,35
545.038,440.497,8,1,35
552.415,440.576,8,1,35
637.852,440.88,8,1,36
647.44,440.969,8,1,36
570.518,441.199,8,0,35
668.521,441.215,8,0,36
647.346,441.747,8,1,36
649.06,442.005,8,1,36
655.122,442.006,8,1,36
554.389,442.29,8,0,35
540.557,442.73,8,0,35
601.448,442.844,8,1,35
612.047,442.94,8,1,35
594.482,443.222,8,1,35
645.027,443.565,8,1,36
514.101,444.018,8,0,37
518.556,444.059,8,1,37
573.011,444.297,8,1,35
603.032,444.463,8,1,35
555.255,445.01,8,1,35
593.286,445.038,8,1,35
558.663,445.26,8,1,35
591.195,445.414,8,0,35
661.845,445.446,8,0,36
602.472,445.846,8,1,35
601.816,446.305,8,1,35
564.269,446.346,8,0,35
609.013,446.653,8,1,35
520.396,447.219,8,0,37
560.053,447.272,8,1,35
637.739,447.422,8,0,36
638.559,448.135,8,0,36
587.828,448.49,8,0,35
629.202,448.54,8,1,36
627.726,450.15,8,0,36
621.208,451.384,8,0,35
538.157,452.418,8,0,35
629.318,452.661,8,0,36
657.117,452.665,8,0,36
559.182,452.682,8,1,35
545.589,452.721,8,0,35
602.373,453.472,8,0,35
551.717,453.653,8,1,35
653.791,453.915,8,0,36
612.672,454.15,8,0,35
558.219,454.31,8,1,35
547.3,454.506,8,0,35
612.535,455.623,8,0,35
578.35,455.69,8,0,35
538.964,455.895,8,0,35
534.608,455.959,8,0,35
621.903,455.992,8,0,35
618.075,456.074,8,0,35
562.08,456.396,8,1,35
617.962,457.551,8,0,35
568.39,457.755,8,0,35
573.75,458.924,8,0,35
565.86,459.454,8,1,35
561.304,459.931,8,1,35
578.67,460.61,8,0,35
554.716,460.908,8,1,35
577.082,461.731,8,0,35
569.221,462.349,8,1,35
556.636,464.758,8,0,35
557.293,465.752,8,0,35
